0.000000000000000000e+00 0.000000000000000000e+00 1.000000000000000000e+01 1.000000000000000000e+01 1.234678612391032770e-01
0.000000000000000000e+00 0.000000000000000000e+00 1.000000000000000000e+01 1.000000000000000000e+01 1.234678612391032770e-01
0.000000000000000000e+00 0.000000000000000000e+00 1.000000000000000000e+01 1.000000000000000000e+01 1.234678612391032770e-01
2.000000000000000111e-01 1.980399999438339775e-01 1.000000000000000000e+01 9.804000000000000270e+00 1.286784228145301245e-01
2.000000000000000111e-01 1.980399999438339775e-01 1.000000000000000000e+01 9.804000000000000270e+00 1.286784228145301245e-01
2.000000000000000111e-01 1.980399999438339775e-01 1.000000000000000000e+01 9.804000000000000270e+00 1.286784228145301245e-01
4.000000000000000222e-01 3.921599999438339923e-01 1.000000000000000000e+01 9.608000000000000540e+00 1.303106842037054514e-01
4.000000000000000222e-01 3.921599999438339923e-01 1.000000000000000000e+01 9.608000000000000540e+00 1.303106842037054514e-01
4.000000000000000222e-01 3.921599999438339923e-01 1.000000000000000000e+01 9.608000000000000540e+00 1.303106842037054514e-01
5.999999999999998668e-01 5.823599999438339170e-01 1.000000000000000000e+01 9.411999999999999034e+00 1.282072279714570606e-01
5.999999999999998668e-01 5.823599999438339170e-01 1.000000000000000000e+01 9.411999999999999034e+00 1.282072279714570606e-01
5.999999999999998668e-01 5.823599999438339170e-01 1.000000000000000000e+01 9.411999999999999034e+00 1.282072279714570606e-01
7.999999999999993783e-01 7.686399999438333630e-01 1.000000000000000000e+01 9.216000000000001080e+00 1.225182310510079808e-01
7.999999999999993783e-01 7.686399999438333630e-01 1.000000000000000000e+01 9.216000000000001080e+00 1.225182310510079808e-01
7.999999999999993783e-01 7.686399999438333630e-01 1.000000000000000000e+01 9.216000000000001080e+00 1.225182310510079808e-01
9.999999999999995559e-01 9.509999999438329965e-01 1.000000000000000000e+01 9.019999999999999574e+00 1.138344836843952629e-01
9.999999999999995559e-01 9.509999999438329965e-01 1.000000000000000000e+01 9.019999999999999574e+00 1.138344836843952629e-01
9.999999999999995559e-01 9.509999999438329965e-01 1.000000000000000000e+01 9.019999999999999574e+00 1.138344836843952629e-01
1.199999999999999289e+00 1.129439999943833151e+00 1.000000000000000000e+01 8.823999999999999844e+00 1.032312831860332097e-01
1.199999999999999289e+00 1.129439999943833151e+00 1.000000000000000000e+01 8.823999999999999844e+00 1.032312831860332097e-01
1.199999999999999289e+00 1.129439999943833151e+00 1.000000000000000000e+01 8.823999999999999844e+00 1.032312831860332097e-01
1.399999999999999467e+00 1.303959999943833381e+00 1.000000000000000000e+01 8.628000000000000114e+00 9.215090994062379026e-02
1.399999999999999467e+00 1.303959999943833381e+00 1.000000000000000000e+01 8.628000000000000114e+00 9.215090994062379026e-02
1.399999999999999467e+00 1.303959999943833381e+00 1.000000000000000000e+01 8.628000000000000114e+00 9.215090994062379026e-02
1.599999999999999423e+00 1.474559999943833244e+00 1.000000000000000000e+01 8.432000000000000384e+00 8.212971970661210597e-02
1.599999999999999423e+00 1.474559999943833244e+00 1.000000000000000000e+01 8.432000000000000384e+00 8.212971970661210597e-02
1.599999999999999423e+00 1.474559999943833244e+00 1.000000000000000000e+01 8.432000000000000384e+00 8.212971970661210597e-02
1.799999999999999378e+00 1.641239999943833183e+00 1.000000000000000000e+01 8.236000000000000654e+00 7.447379831011624596e-02
1.799999999999999378e+00 1.641239999943833183e+00 1.000000000000000000e+01 8.236000000000000654e+00 7.447379831011624596e-02
1.799999999999999378e+00 1.641239999943833183e+00 1.000000000000000000e+01 8.236000000000000654e+00 7.447379831011624596e-02
1.999999999999999556e+00 1.803999999943833199e+00 1.000000000000000000e+01 8.039999999999999147e+00 7.001999507017356295e-02
1.999999999999999556e+00 1.803999999943833199e+00 1.000000000000000000e+01 8.039999999999999147e+00 7.001999507017356295e-02
1.999999999999999556e+00 1.803999999943833199e+00 1.000000000000000000e+01 8.039999999999999147e+00 7.001999507017356295e-02
2.199999999999999289e+00 1.962839999943833291e+00 1.000000000000000000e+01 7.843999999999999417e+00 6.905758924218290129e-02
2.199999999999999289e+00 1.962839999943833291e+00 1.000000000000000000e+01 7.843999999999999417e+00 6.905758924218290129e-02
2.199999999999999289e+00 1.962839999943833291e+00 1.000000000000000000e+01 7.843999999999999417e+00 6.905758924218290129e-02
2.399999999999999467e+00 2.117759999943833016e+00 1.000000000000000000e+01 7.647999999999999687e+00 7.139148049306343058e-02
2.399999999999999467e+00 2.117759999943833016e+00 1.000000000000000000e+01 7.647999999999999687e+00 7.139148049306343058e-02
2.399999999999999467e+00 2.117759999943833016e+00 1.000000000000000000e+01 7.647999999999999687e+00 7.139148049306343058e-02
2.599999999999999645e+00 2.268759999943833261e+00 1.000000000000000000e+01 7.451999999999999957e+00 7.647620336985785916e-02
2.599999999999999645e+00 2.268759999943833261e+00 1.000000000000000000e+01 7.451999999999999957e+00 7.647620336985785916e-02
2.599999999999999645e+00 2.268759999943833261e+00 1.000000000000000000e+01 7.451999999999999957e+00 7.647620336985785916e-02
2.799999999999999822e+00 2.415839999943833138e+00 1.000000000000000000e+01 7.255999999999999339e+00 8.355643510503250881e-02
2.799999999999999822e+00 2.415839999943833138e+00 1.000000000000000000e+01 7.255999999999999339e+00 8.355643510503250881e-02
2.799999999999999822e+00 2.415839999943833138e+00 1.000000000000000000e+01 7.255999999999999339e+00 8.355643510503250881e-02
2.999999999999999556e+00 2.558999999943833092e+00 1.000000000000000000e+01 7.059999999999999609e+00 9.178144437517886389e-02
2.999999999999999556e+00 2.558999999943833092e+00 1.000000000000000000e+01 7.059999999999999609e+00 9.178144437517886389e-02
2.999999999999999556e+00 2.558999999943833092e+00 1.000000000000000000e+01 7.059999999999999609e+00 9.178144437517886389e-02
3.199999999999998401e+00 2.698239999943832235e+00 1.000000000000000000e+01 6.864000000000000767e+00 1.002868366056059585e-01
3.199999999999998401e+00 2.698239999943832235e+00 1.000000000000000000e+01 6.864000000000000767e+00 1.002868366056059585e-01
3.199999999999998401e+00 2.698239999943832235e+00 1.000000000000000000e+01 6.864000000000000767e+00 1.002868366056059585e-01
3.399999999999998579e+00 2.833559999943832342e+00 1.000000000000000000e+01 6.668000000000000149e+00 1.082481573572064704e-01
3.399999999999998579e+00 2.833559999943832342e+00 1.000000000000000000e+01 6.668000000000000149e+00 1.082481573572064704e-01
3.399999999999998579e+00 2.833559999943832342e+00 1.000000000000000000e+01 6.668000000000000149e+00 1.082481573572064704e-01
3.599999999999998312e+00 2.964959999943832081e+00 1.000000000000000000e+01 6.472000000000000419e+00 1.149132517179718010e-01
3.599999999999998312e+00 2.964959999943832081e+00 1.000000000000000000e+01 6.472000000000000419e+00 1.149132517179718010e-01
3.599999999999998312e+00 2.964959999943832081e+00 1.000000000000000000e+01 6.472000000000000419e+00 1.149132517179718010e-01
3.799999999999998490e+00 3.092439999943832341e+00 1.000000000000000000e+01 6.275999999999999801e+00 1.196213075417623117e-01
3.799999999999998490e+00 3.092439999943832341e+00 1.000000000000000000e+01 6.275999999999999801e+00 1.196213075417623117e-01
3.799999999999998490e+00 3.092439999943832341e+00 1.000000000000000000e+01 6.275999999999999801e+00 1.196213075417623117e-01
3.999999999999998668e+00 3.215999999943832233e+00 1.000000000000000000e+01 6.080000000000000071e+00 1.218187438625962377e-01
3.999999999999998668e+00 3.215999999943832233e+00 1.000000000000000000e+01 6.080000000000000071e+00 1.218187438625962377e-01
3.999999999999998668e+00 3.215999999943832233e+00 1.000000000000000000e+01 6.080000000000000071e+00 1.218187438625962377e-01
4.199999999999998401e+00 3.335639999943832201e+00 1.000000000000000000e+01 5.884000000000000341e+00 1.210821257168735177e-01
4.199999999999998401e+00 3.335639999943832201e+00 1.000000000000000000e+01 5.884000000000000341e+00 1.210821257168735177e-01
4.199999999999998401e+00 3.335639999943832201e+00 1.000000000000000000e+01 5.884000000000000341e+00 1.210821257168735177e-01
4.399999999999998579e+00 3.451359999943832246e+00 1.000000000000000000e+01 5.688000000000000611e+00 1.171510613255671990e-01
4.399999999999998579e+00 3.451359999943832246e+00 1.000000000000000000e+01 5.688000000000000611e+00 1.171510613255671990e-01
4.399999999999998579e+00 3.451359999943832246e+00 1.000000000000000000e+01 5.688000000000000611e+00 1.171510613255671990e-01
4.599999999999998757e+00 3.563159999943832368e+00 1.000000000000000000e+01 5.491999999999999993e+00 1.099625699519729549e-01
4.599999999999998757e+00 3.563159999943832368e+00 1.000000000000000000e+01 5.491999999999999993e+00 1.099625699519729549e-01
4.599999999999998757e+00 3.563159999943832368e+00 1.000000000000000000e+01 5.491999999999999993e+00 1.099625699519729549e-01
4.799999999999998934e+00 3.671039999943832122e+00 1.000000000000000000e+01 5.296000000000000263e+00 9.967689281374807198e-02
4.799999999999998934e+00 3.671039999943832122e+00 1.000000000000000000e+01 5.296000000000000263e+00 9.967689281374807198e-02
4.799999999999998934e+00 3.671039999943832122e+00 1.000000000000000000e+01 5.296000000000000263e+00 9.967689281374807198e-02
4.999999999999998224e+00 3.774999999943831952e+00 1.000000000000000000e+01 5.099999999999999645e+00 8.669551647984834186e-02
4.999999999999998224e+00 3.774999999943831952e+00 1.000000000000000000e+01 5.099999999999999645e+00 8.669551647984834186e-02
4.999999999999998224e+00 3.774999999943831952e+00 1.000000000000000000e+01 5.099999999999999645e+00 8.669551647984834186e-02
5.199999999999999289e+00 3.875039999943832303e+00 1.000000000000000000e+01 4.903999999999999915e+00 7.166759109137821326e-02
5.199999999999999289e+00 3.875039999943832303e+00 1.000000000000000000e+01 4.903999999999999915e+00 7.166759109137821326e-02
5.199999999999999289e+00 3.875039999943832303e+00 1.000000000000000000e+01 4.903999999999999915e+00 7.166759109137821326e-02
5.399999999999998579e+00 3.971159999943832286e+00 1.000000000000000000e+01 4.707999999999999297e+00 5.545170289563636223e-02
5.399999999999998579e+00 3.971159999943832286e+00 1.000000000000000000e+01 4.707999999999999297e+00 5.545170289563636223e-02
5.399999999999998579e+00 3.971159999943832286e+00 1.000000000000000000e+01 4.707999999999999297e+00 5.545170289563636223e-02
5.599999999999998757e+00 4.063359999943832790e+00 1.000000000000000000e+01 4.512000000000000455e+00 3.899723651316948370e-02
5.599999999999998757e+00 4.063359999943832790e+00 1.000000000000000000e+01 4.512000000000000455e+00 3.899723651316948370e-02
5.599999999999998757e+00 4.063359999943832790e+00 1.000000000000000000e+01 4.512000000000000455e+00 3.899723651316948370e-02
5.799999999999998046e+00 4.151639999943832038e+00 1.000000000000000000e+01 4.316000000000000725e+00 2.316699839193549215e-02
5.799999999999998046e+00 4.151639999943832038e+00 1.000000000000000000e+01 4.316000000000000725e+00 2.316699839193551991e-02
5.799999999999998046e+00 4.151639999943832038e+00 1.000000000000000000e+01 4.316000000000000725e+00 2.316699839193549215e-02
5.999999999999998224e+00 4.235999999943832250e+00 1.000000000000000000e+01 4.120000000000000995e+00 8.582249816809939258e-03
5.999999999999998224e+00 4.235999999943832250e+00 1.000000000000000000e+01 4.120000000000000995e+00 8.582249816809939258e-03
5.999999999999998224e+00 4.235999999943832250e+00 1.000000000000000000e+01 4.120000000000000995e+00 8.582249816809939258e-03
6.199999999999998401e+00 4.316439999943832539e+00 1.000000000000000000e+01 3.924000000000000377e+00 -4.439749337191156719e-03
6.199999999999998401e+00 4.316439999943832539e+00 1.000000000000000000e+01 3.924000000000000377e+00 -4.439749337191156719e-03
6.199999999999998401e+00 4.316439999943832539e+00 1.000000000000000000e+01 3.924000000000000377e+00 -4.439749337191156719e-03
6.399999999999998579e+00 4.392959999943832017e+00 1.000000000000000000e+01 3.728000000000000203e+00 -1.585143185216748851e-02
6.399999999999998579e+00 4.392959999943832017e+00 1.000000000000000000e+01 3.728000000000000203e+00 -1.585143185216748851e-02
6.399999999999998579e+00 4.392959999943832017e+00 1.000000000000000000e+01 3.728000000000000203e+00 -1.585143185216748851e-02
6.599999999999998757e+00 4.465559999943832459e+00 1.000000000000000000e+01 3.532000000000000028e+00 -2.578959545956907573e-02
6.599999999999998757e+00 4.465559999943832459e+00 1.000000000000000000e+01 3.532000000000000028e+00 -2.578959545956907573e-02
6.599999999999998757e+00 4.465559999943832459e+00 1.000000000000000000e+01 3.532000000000000028e+00 -2.578959545956907573e-02
6.799999999999998934e+00 4.534239999943832089e+00 1.000000000000000000e+01 3.335999999999999410e+00 -3.448638027798593686e-02
6.799999999999998934e+00 4.534239999943832089e+00 1.000000000000000000e+01 3.335999999999999410e+00 -3.448638027798593686e-02
6.799999999999998934e+00 4.534239999943832089e+00 1.000000000000000000e+01 3.335999999999999410e+00 -3.448638027798593686e-02
6.999999999999999112e+00 4.598999999943832684e+00 1.000000000000000000e+01 3.139999999999999680e+00 -4.219794878702810836e-02
6.999999999999999112e+00 4.598999999943832684e+00 1.000000000000000000e+01 3.139999999999999680e+00 -4.219794878702810836e-02
6.999999999999999112e+00 4.598999999943832684e+00 1.000000000000000000e+01 3.139999999999999680e+00 -4.219794878702810836e-02
7.199999999999997513e+00 4.659839999943832467e+00 1.000000000000000000e+01 2.944000000000000394e+00 -4.914878423134687313e-02
7.199999999999997513e+00 4.659839999943832467e+00 1.000000000000000000e+01 2.944000000000000394e+00 -4.914878423134687313e-02
7.199999999999997513e+00 4.659839999943832467e+00 1.000000000000000000e+01 2.944000000000000394e+00 -4.914878423134687313e-02
7.399999999999998579e+00 4.716759999943832327e+00 1.000000000000000000e+01 2.748000000000000220e+00 -5.548115224014489588e-02
7.399999999999998579e+00 4.716759999943832327e+00 1.000000000000000000e+01 2.748000000000000220e+00 -5.548115224014489588e-02
7.399999999999998579e+00 4.716759999943832327e+00 1.000000000000000000e+01 2.748000000000000220e+00 -5.548115224014489588e-02
7.599999999999997868e+00 4.769759999943832263e+00 1.000000000000000000e+01 2.552000000000000046e+00 -6.120579981808797754e-02
7.599999999999997868e+00 4.769759999943832263e+00 1.000000000000000000e+01 2.552000000000000046e+00 -6.120579981808797754e-02
7.599999999999997868e+00 4.769759999943832263e+00 1.000000000000000000e+01 2.552000000000000046e+00 -6.120579981808797754e-02
7.799999999999998934e+00 4.818839999943832275e+00 1.000000000000000000e+01 2.355999999999999872e+00 -6.616659435772793973e-02
7.799999999999998934e+00 4.818839999943832275e+00 1.000000000000000000e+01 2.355999999999999872e+00 -6.616659435772793973e-02
7.799999999999998934e+00 4.818839999943832275e+00 1.000000000000000000e+01 2.355999999999999872e+00 -6.616659435772793973e-02
7.999999999999996447e+00 4.863999999943832364e+00 1.000000000000000000e+01 2.160000000000003695e+00 -7.004763604549314737e-02
7.999999999999996447e+00 4.863999999943832364e+00 1.000000000000000000e+01 2.160000000000003695e+00 -7.004763604549314737e-02
7.999999999999996447e+00 4.863999999943832364e+00 1.000000000000000000e+01 2.160000000000003695e+00 -7.004763604549314737e-02
8.200000000000002842e+00 4.905239999943834306e+00 1.000000000000000000e+01 1.963999999999998636e+00 -7.244710428443533468e-02
8.200000000000002842e+00 4.905239999943834306e+00 1.000000000000000000e+01 1.963999999999998636e+00 -7.244710428443533468e-02
8.200000000000002842e+00 4.905239999943834306e+00 1.000000000000000000e+01 1.963999999999998636e+00 -7.244710428443533468e-02
8.399999999999998579e+00 4.942559999943831883e+00 1.000000000000000000e+01 1.768000000000004235e+00 -7.300508268554030400e-02
8.399999999999998579e+00 4.942559999943831883e+00 1.000000000000000000e+01 1.768000000000004235e+00 -7.300508268554030400e-02
8.399999999999998579e+00 4.942559999943831883e+00 1.000000000000000000e+01 1.768000000000004235e+00 -7.300508268554030400e-02
8.599999999999997868e+00 4.975959999943832202e+00 1.000000000000000000e+01 1.572000000000002728e+00 -7.152423374751963603e-02
8.599999999999997868e+00 4.975959999943832202e+00 1.000000000000000000e+01 1.572000000000002728e+00 -7.152423374751963603e-02
8.599999999999997868e+00 4.975959999943832202e+00 1.000000000000000000e+01 1.572000000000002728e+00 -7.152423374751963603e-02
8.799999999999997158e+00 5.005439999943831708e+00 1.000000000000000000e+01 1.376000000000001222e+00 -6.801294648580614999e-02
8.799999999999997158e+00 5.005439999943831708e+00 1.000000000000000000e+01 1.376000000000001222e+00 -6.801294648580614999e-02
8.799999999999997158e+00 5.005439999943831708e+00 1.000000000000000000e+01 1.376000000000001222e+00 -6.801294648580614999e-02
9.000000000000000000e+00 5.030999999943833956e+00 1.000000000000000000e+01 1.180000000000003268e+00 -6.263508727458418079e-02
9.000000000000000000e+00 5.030999999943833956e+00 1.000000000000000000e+01 1.180000000000003268e+00 -6.263508727458418079e-02
9.000000000000000000e+00 5.030999999943833956e+00 1.000000000000000000e+01 1.180000000000003268e+00 -6.263508727458418079e-02
9.199999999999995737e+00 5.052639999943835392e+00 1.000000000000000000e+01 9.840000000000053149e-01 -5.562756105903289561e-02
9.199999999999995737e+00 5.052639999943835392e+00 1.000000000000000000e+01 9.840000000000053149e-01 -5.562756105903289561e-02
9.199999999999995737e+00 5.052639999943835392e+00 1.000000000000000000e+01 9.840000000000053149e-01 -5.562756105903289561e-02
9.399999999999995026e+00 5.070359999943832463e+00 1.000000000000000000e+01 7.880000000000038085e-01 -4.727134649166774005e-02
9.399999999999995026e+00 5.070359999943832463e+00 1.000000000000000000e+01 7.880000000000038085e-01 -4.727134649166774005e-02
9.399999999999995026e+00 5.070359999943832463e+00 1.000000000000000000e+01 7.880000000000038085e-01 -4.727134649166774005e-02
9.599999999999997868e+00 5.084159999943832275e+00 1.000000000000000000e+01 5.920000000000023022e-01 -3.793994445464406173e-02
9.599999999999997868e+00 5.084159999943832275e+00 1.000000000000000000e+01 5.920000000000023022e-01 -3.793994445464406173e-02
9.599999999999997868e+00 5.084159999943832275e+00 1.000000000000000000e+01 5.920000000000023022e-01 -3.793994445464406173e-02
9.799999999999997158e+00 5.094039999943831276e+00 1.000000000000000000e+01 3.960000000000007958e-01 -2.815958010971350567e-02
9.799999999999997158e+00 5.094039999943831276e+00 1.000000000000000000e+01 3.960000000000007958e-01 -2.815958010971350567e-02
9.799999999999997158e+00 5.094039999943831276e+00 1.000000000000000000e+01 3.960000000000007958e-01 -2.815958010971350567e-02
9.999999999999996447e+00 5.099999999943833018e+00 1.000000000000000000e+01 2.000000000000028422e-01 -1.859620082299036359e-02
9.999999999999996447e+00 5.099999999943833018e+00 1.000000000000000000e+01 2.000000000000028422e-01 -1.859620082299036359e-02
9.999999999999996447e+00 5.099999999943833018e+00 1.000000000000000000e+01 2.000000000000028422e-01 -1.859620082299036359e-02
1.019999999999999929e+01 5.102039999943833948e+00 1.000000000000000000e+01 4.000000000001335820e-03 -9.950511050670948765e-03
1.019999999999999929e+01 5.102039999943833948e+00 1.000000000000000000e+01 4.000000000001335820e-03 -9.950511050670948765e-03
1.019999999999999929e+01 5.102039999943833948e+00 1.000000000000000000e+01 4.000000000001335820e-03 -9.950511050670948765e-03
1.039999999999999858e+01 5.100159999943830513e+00 1.000000000000000000e+01 -1.920000000000001705e-01 -2.812722156188898759e-03
1.039999999999999858e+01 5.100159999943830513e+00 1.000000000000000000e+01 -1.920000000000001705e-01 -2.812722156188898759e-03
1.039999999999999858e+01 5.100159999943830513e+00 1.000000000000000000e+01 -1.920000000000001705e-01 -2.812722156188898759e-03
1.059999999999999787e+01 5.094359999943833373e+00 1.000000000000000000e+01 -3.879999999999981242e-01 2.457241125711703833e-03
1.059999999999999787e+01 5.094359999943833373e+00 1.000000000000000000e+01 -3.879999999999981242e-01 2.457241125711703833e-03
1.059999999999999787e+01 5.094359999943833373e+00 1.000000000000000000e+01 -3.879999999999981242e-01 2.457241125711703833e-03
1.080000000000000071e+01 5.084639999943835420e+00 1.000000000000000000e+01 -5.839999999999996305e-01 5.785398448057255116e-03
1.080000000000000071e+01 5.084639999943835420e+00 1.000000000000000000e+01 -5.839999999999996305e-01 5.785398448057255116e-03
1.080000000000000071e+01 5.084639999943835420e+00 1.000000000000000000e+01 -5.839999999999996305e-01 5.785398448057255116e-03
1.100000000000000000e+01 5.070999999943833103e+00 1.000000000000000000e+01 -7.800000000000011369e-01 7.367474297528750493e-03
1.100000000000000000e+01 5.070999999943833103e+00 1.000000000000000000e+01 -7.800000000000011369e-01 7.367474297528750493e-03
1.100000000000000000e+01 5.070999999943833103e+00 1.000000000000000000e+01 -7.800000000000011369e-01 7.367474297528750493e-03
1.119999999999999929e+01 5.053439999943833527e+00 1.000000000000000000e+01 -9.759999999999990905e-01 7.593809114260399729e-03
1.119999999999999929e+01 5.053439999943833527e+00 1.000000000000000000e+01 -9.759999999999990905e-01 7.593809114260399729e-03
1.119999999999999929e+01 5.053439999943833527e+00 1.000000000000000000e+01 -9.759999999999990905e-01 7.593809114260399729e-03
1.139999999999999858e+01 5.031959999943833139e+00 1.000000000000000000e+01 -1.171999999999997044e+00 6.941461709468410568e-03
1.139999999999999858e+01 5.031959999943833139e+00 1.000000000000000000e+01 -1.171999999999997044e+00 6.941461709468410568e-03
1.139999999999999858e+01 5.031959999943833139e+00 1.000000000000000000e+01 -1.171999999999997044e+00 6.941461709468410568e-03
1.159999999999999787e+01 5.006559999943831940e+00 1.000000000000000000e+01 -1.367999999999998550e+00 5.865381656220025608e-03
1.159999999999999787e+01 5.006559999943831940e+00 1.000000000000000000e+01 -1.367999999999998550e+00 5.865381656220025608e-03
1.159999999999999787e+01 5.006559999943831940e+00 1.000000000000000000e+01 -1.367999999999998550e+00 5.865381656220025608e-03
1.179999999999999361e+01 4.977239999943833482e+00 1.000000000000000000e+01 -1.563999999999992951e+00 4.716467884770772501e-03
1.179999999999999361e+01 4.977239999943833482e+00 1.000000000000000000e+01 -1.563999999999992951e+00 4.716467884770758623e-03
1.179999999999999361e+01 4.977239999943833482e+00 1.000000000000000000e+01 -1.563999999999992951e+00 4.716467884770758623e-03
1.199999999999999645e+01 4.943999999943830659e+00 1.000000000000000000e+01 -1.759999999999998010e+00 3.701192963068936082e-03
1.199999999999999645e+01 4.943999999943830659e+00 1.000000000000000000e+01 -1.759999999999998010e+00 3.701192963068936082e-03
1.199999999999999645e+01 4.943999999943830659e+00 1.000000000000000000e+01 -1.759999999999998010e+00 3.701192963068936082e-03
1.219999999999999929e+01 4.906839999943830577e+00 1.000000000000000000e+01 -1.955999999999999517e+00 2.881738970062233673e-03
1.219999999999999929e+01 4.906839999943830577e+00 1.000000000000000000e+01 -1.955999999999999517e+00 2.881738970062233673e-03
1.219999999999999929e+01 4.906839999943830577e+00 1.000000000000000000e+01 -1.955999999999999517e+00 2.881738970062233673e-03
1.239999999999999858e+01 4.865759999943833236e+00 1.000000000000000000e+01 -2.151999999999997470e+00 2.204508940287494556e-03
1.239999999999999858e+01 4.865759999943833236e+00 1.000000000000000000e+01 -2.151999999999997470e+00 2.204508940287494556e-03
1.239999999999999858e+01 4.865759999943833236e+00 1.000000000000000000e+01 -2.151999999999997470e+00 2.204508940287494556e-03
1.259999999999999787e+01 4.820759999943835084e+00 1.000000000000000000e+01 -2.347999999999998977e+00 1.541457937544343793e-03
1.259999999999999787e+01 4.820759999943835084e+00 1.000000000000000000e+01 -2.347999999999998977e+00 1.541457937544343793e-03
1.259999999999999787e+01 4.820759999943835084e+00 1.000000000000000000e+01 -2.347999999999998977e+00 1.541457937544343793e-03
1.280000000000000071e+01 4.771839999943832566e+00 1.000000000000000000e+01 -2.544000000000000483e+00 7.313088671519890616e-04
1.280000000000000071e+01 4.771839999943832566e+00 1.000000000000000000e+01 -2.544000000000000483e+00 7.313088671519890616e-04
1.280000000000000071e+01 4.771839999943832566e+00 1.000000000000000000e+01 -2.544000000000000483e+00 7.313088671519890616e-04
1.300000000000000000e+01 4.718999999943832790e+00 1.000000000000000000e+01 -2.739999999999998437e+00 -3.870907141516055638e-04
1.300000000000000000e+01 4.718999999943832790e+00 1.000000000000000000e+01 -2.739999999999998437e+00 -3.870907141516055638e-04
1.300000000000000000e+01 4.718999999943832790e+00 1.000000000000000000e+01 -2.739999999999998437e+00 -3.870907141516055638e-04
1.319999999999999929e+01 4.662239999943832203e+00 1.000000000000000000e+01 -2.935999999999999943e+00 -1.952058526249703108e-03
1.319999999999999929e+01 4.662239999943832203e+00 1.000000000000000000e+01 -2.935999999999999943e+00 -1.952058526249703108e-03
1.319999999999999929e+01 4.662239999943832203e+00 1.000000000000000000e+01 -2.935999999999999943e+00 -1.952058526249703108e-03
1.339999999999999858e+01 4.601559999943834356e+00 1.000000000000000000e+01 -3.131999999999997897e+00 -4.066399517863597546e-03
1.339999999999999858e+01 4.601559999943834356e+00 1.000000000000000000e+01 -3.131999999999997897e+00 -4.066399517863597546e-03
1.339999999999999858e+01 4.601559999943834356e+00 1.000000000000000000e+01 -3.131999999999997897e+00 -4.066399517863597546e-03
1.359999999999999787e+01 4.536959999943832145e+00 1.000000000000000000e+01 -3.327999999999999403e+00 -6.792457401451207355e-03
1.359999999999999787e+01 4.536959999943832145e+00 1.000000000000000000e+01 -3.327999999999999403e+00 -6.792457401451207355e-03
1.359999999999999787e+01 4.536959999943832145e+00 1.000000000000000000e+01 -3.327999999999999403e+00 -6.792457401451207355e-03
1.379999999999999716e+01 4.468439999943832674e+00 1.000000000000000000e+01 -3.524000000000000909e+00 -1.015221757871000163e-02
1.379999999999999716e+01 4.468439999943832674e+00 1.000000000000000000e+01 -3.524000000000000909e+00 -1.015221757871000163e-02
1.379999999999999716e+01 4.468439999943832674e+00 1.000000000000000000e+01 -3.524000000000000909e+00 -1.015221757871000163e-02
1.400000000000000000e+01 4.395999999943832393e+00 1.000000000000000000e+01 -3.719999999999998863e+00 -1.413018202274804458e-02
1.400000000000000000e+01 4.395999999943832393e+00 1.000000000000000000e+01 -3.719999999999998863e+00 -1.413018202274804458e-02
1.400000000000000000e+01 4.395999999943832393e+00 1.000000000000000000e+01 -3.719999999999998863e+00 -1.413018202274804458e-02
1.419999999999999574e+01 4.319639999943834852e+00 1.000000000000000000e+01 -3.915999999999996817e+00 -1.867745256023312095e-02
1.419999999999999574e+01 4.319639999943834852e+00 1.000000000000000000e+01 -3.915999999999996817e+00 -1.867745256023312095e-02
1.419999999999999574e+01 4.319639999943834852e+00 1.000000000000000000e+01 -3.915999999999996817e+00 -1.867745256023312095e-02
1.439999999999999858e+01 4.239359999943832946e+00 1.000000000000000000e+01 -4.111999999999998323e+00 -2.371618522698783205e-02
1.439999999999999858e+01 4.239359999943832946e+00 1.000000000000000000e+01 -4.111999999999998323e+00 -2.371618522698783205e-02
1.439999999999999858e+01 4.239359999943832946e+00 1.000000000000000000e+01 -4.111999999999998323e+00 -2.371618522698783205e-02
1.459999999999999787e+01 4.155159999943833782e+00 1.000000000000000000e+01 -4.307999999999999829e+00 -2.914415318059451754e-02
1.459999999999999787e+01 4.155159999943833782e+00 1.000000000000000000e+01 -4.307999999999999829e+00 -2.914415318059451754e-02
1.459999999999999787e+01 4.155159999943833782e+00 1.000000000000000000e+01 -4.307999999999999829e+00 -2.914415318059451754e-02
1.479999999999999716e+01 4.067039999943833806e+00 1.000000000000000000e+01 -4.503999999999997783e+00 -3.483952561712715112e-02
1.479999999999999716e+01 4.067039999943833806e+00 1.000000000000000000e+01 -4.503999999999997783e+00 -3.483952561712715112e-02
1.479999999999999716e+01 4.067039999943833806e+00 1.000000000000000000e+01 -4.503999999999997783e+00 -3.483952561712715112e-02
1.500000000000000000e+01 3.974999999943833018e+00 1.000000000000000000e+01 -4.699999999999999289e+00 -4.066614854044829641e-02
1.500000000000000000e+01 3.974999999943833018e+00 1.000000000000000000e+01 -4.699999999999999289e+00 -4.066614854044829641e-02
1.500000000000000000e+01 3.974999999943833018e+00 1.000000000000000000e+01 -4.699999999999999289e+00 -4.066614854044829641e-02
1.519999999999999929e+01 3.879039999943831418e+00 1.000000000000000000e+01 -4.896000000000000796e+00 -4.647964399712738170e-02
1.519999999999999929e+01 3.879039999943831418e+00 1.000000000000000000e+01 -4.896000000000000796e+00 -4.647964399712738170e-02
1.519999999999999929e+01 3.879039999943831418e+00 1.000000000000000000e+01 -4.896000000000000796e+00 -4.647964399712738170e-02
1.539999999999999858e+01 3.779159999943832560e+00 1.000000000000000000e+01 -5.091999999999998749e+00 -5.213457177997686542e-02
1.539999999999999858e+01 3.779159999943832560e+00 1.000000000000000000e+01 -5.091999999999998749e+00 -5.213457177997686542e-02
1.539999999999999858e+01 3.779159999943832560e+00 1.000000000000000000e+01 -5.091999999999998749e+00 -5.213457177997686542e-02
1.559999999999999787e+01 3.675359999943832889e+00 1.000000000000000000e+01 -5.287999999999998479e+00 -5.749274001906833076e-02
1.559999999999999787e+01 3.675359999943832889e+00 1.000000000000000000e+01 -5.287999999999998479e+00 -5.749274001906833076e-02
1.559999999999999787e+01 3.675359999943832889e+00 1.000000000000000000e+01 -5.287999999999998479e+00 -5.749274001906833076e-02
1.579999999999999716e+01 3.567639999943832407e+00 1.000000000000000000e+01 -5.483999999999998209e+00 -6.243248509088873688e-02
1.579999999999999716e+01 3.567639999943832407e+00 1.000000000000000000e+01 -5.483999999999998209e+00 -6.243248509088873688e-02
1.579999999999999716e+01 3.567639999943832407e+00 1.000000000000000000e+01 -5.483999999999998209e+00 -6.243248509088873688e-02
1.599999999999999822e+01 3.455999999943834666e+00 1.000000000000000000e+01 -5.679999999999999716e+00 -6.685831530392817579e-02
1.599999999999999822e+01 3.455999999943834666e+00 1.000000000000000000e+01 -5.679999999999999716e+00 -6.685831530392817579e-02
1.599999999999999822e+01 3.455999999943834666e+00 1.000000000000000000e+01 -5.679999999999999716e+00 -6.685831530392817579e-02
1.619999999999999929e+01 3.340439999943832561e+00 1.000000000000000000e+01 -5.875999999999999446e+00 -7.070971489087417294e-02
1.619999999999999929e+01 3.340439999943832561e+00 1.000000000000000000e+01 -5.875999999999999446e+00 -7.070971489087417294e-02
1.619999999999999929e+01 3.340439999943832561e+00 1.000000000000000000e+01 -5.875999999999999446e+00 -7.070971489087417294e-02
1.639999999999999858e+01 3.220959999943829644e+00 1.000000000000000000e+01 -6.072000000000000952e+00 -7.396727986125579968e-02
1.639999999999999858e+01 3.220959999943829644e+00 1.000000000000000000e+01 -6.072000000000000952e+00 -7.396727986125579968e-02
1.639999999999999858e+01 3.220959999943829644e+00 1.000000000000000000e+01 -6.072000000000000952e+00 -7.396727986125579968e-02
1.660000000000000142e+01 3.097559999943833020e+00 1.000000000000000000e+01 -6.268000000000000682e+00 -7.665408879682010512e-02
1.660000000000000142e+01 3.097559999943833020e+00 1.000000000000000000e+01 -6.268000000000000682e+00 -7.665408879682010512e-02
1.660000000000000142e+01 3.097559999943833020e+00 1.000000000000000000e+01 -6.268000000000000682e+00 -7.665408879682010512e-02
1.679999999999999716e+01 2.970239999943832032e+00 1.000000000000000000e+01 -6.463999999999998636e+00 -7.883080272225363727e-02
1.679999999999999716e+01 2.970239999943832032e+00 1.000000000000000000e+01 -6.463999999999998636e+00 -7.883080272225363727e-02
1.679999999999999716e+01 2.970239999943832032e+00 1.000000000000000000e+01 -6.463999999999998636e+00 -7.883080272225363727e-02
1.700000000000000000e+01 2.838999999943830232e+00 1.000000000000000000e+01 -6.659999999999998366e+00 -8.058465348275577200e-02
1.700000000000000000e+01 2.838999999943830232e+00 1.000000000000000000e+01 -6.659999999999998366e+00 -8.058465348275577200e-02
1.700000000000000000e+01 2.838999999943830232e+00 1.000000000000000000e+01 -6.659999999999998366e+00 -8.058465348275577200e-02
1.719999999999999929e+01 2.703839999943831174e+00 1.000000000000000000e+01 -6.855999999999999872e+00 -8.201470016659671847e-02
1.719999999999999929e+01 2.703839999943831174e+00 1.000000000000000000e+01 -6.855999999999999872e+00 -8.201470016659671847e-02
1.719999999999999929e+01 2.703839999943831174e+00 1.000000000000000000e+01 -6.855999999999999872e+00 -8.201470016659671847e-02
1.739999999999999858e+01 2.564759999943834856e+00 1.000000000000000000e+01 -7.051999999999999602e+00 -8.321732295588570028e-02
1.739999999999999858e+01 2.564759999943834856e+00 1.000000000000000000e+01 -7.051999999999999602e+00 -8.321732295588570028e-02
1.739999999999999858e+01 2.564759999943834856e+00 1.000000000000000000e+01 -7.051999999999999602e+00 -8.321732295588570028e-02
1.759999999999999787e+01 2.421759999943834174e+00 1.000000000000000000e+01 -7.247999999999997556e+00 -8.427584455357402249e-02
1.759999999999999787e+01 2.421759999943834174e+00 1.000000000000000000e+01 -7.247999999999997556e+00 -8.427584455357402249e-02
1.759999999999999787e+01 2.421759999943834174e+00 1.000000000000000000e+01 -7.247999999999997556e+00 -8.427584455357402249e-02
1.779999999999999716e+01 2.274839999943832680e+00 1.000000000000000000e+01 -7.443999999999999062e+00 -8.525642971397189018e-02
1.779999999999999716e+01 2.274839999943832680e+00 1.000000000000000000e+01 -7.443999999999999062e+00 -8.525642971397189018e-02
1.779999999999999716e+01 2.274839999943832680e+00 1.000000000000000000e+01 -7.443999999999999062e+00 -8.525642971397189018e-02
1.800000000000000000e+01 2.123999999943833927e+00 1.000000000000000000e+01 -7.639999999999998792e+00 -8.621009496236427261e-02
1.800000000000000000e+01 2.123999999943833927e+00 1.000000000000000000e+01 -7.639999999999998792e+00 -8.621009496236427261e-02
1.800000000000000000e+01 2.123999999943833927e+00 1.000000000000000000e+01 -7.639999999999998792e+00 -8.621009496236427261e-02
1.819999999999999929e+01 1.969239999943834363e+00 1.000000000000000000e+01 -7.835999999999998522e+00 -8.717901233485624013e-02
1.819999999999999929e+01 1.969239999943834363e+00 1.000000000000000000e+01 -7.835999999999998522e+00 -8.717901233485624013e-02
1.819999999999999929e+01 1.969239999943834363e+00 1.000000000000000000e+01 -7.835999999999998522e+00 -8.717901233485624013e-02
1.839999999999999858e+01 1.810559999943833986e+00 1.000000000000000000e+01 -8.032000000000000028e+00 -8.820484362367343734e-02
1.839999999999999858e+01 1.810559999943833986e+00 1.000000000000000000e+01 -8.032000000000000028e+00 -8.820484362367343734e-02
1.839999999999999858e+01 1.810559999943833986e+00 1.000000000000000000e+01 -8.032000000000000028e+00 -8.820484362367343734e-02
1.860000000000000142e+01 1.647959999943829246e+00 1.000000000000000000e+01 -8.227999999999999758e+00 -8.933729456653995149e-02
1.860000000000000142e+01 1.647959999943829246e+00 1.000000000000000000e+01 -8.227999999999999758e+00 -8.933729456653995149e-02
1.860000000000000142e+01 1.647959999943829246e+00 1.000000000000000000e+01 -8.227999999999999758e+00 -8.933729456653995149e-02
1.880000000000000071e+01 1.481439999943830799e+00 1.000000000000000000e+01 -8.424000000000001265e+00 -9.064178024454828952e-02
1.880000000000000071e+01 1.481439999943830799e+00 1.000000000000000000e+01 -8.424000000000001265e+00 -9.064178024454828952e-02
1.880000000000000071e+01 1.481439999943830799e+00 1.000000000000000000e+01 -8.424000000000001265e+00 -9.064178024454828952e-02
1.900000000000000000e+01 1.310999999943831540e+00 1.000000000000000000e+01 -8.620000000000000995e+00 -9.220551250437426793e-02
1.900000000000000000e+01 1.310999999943831540e+00 1.000000000000000000e+01 -8.620000000000000995e+00 -9.220551250437426793e-02
1.900000000000000000e+01 1.310999999943831540e+00 1.000000000000000000e+01 -8.620000000000000995e+00 -9.220551250437426793e-02
1.919999999999999574e+01 1.136639999943835022e+00 1.000000000000000000e+01 -8.815999999999998948e+00 -9.414120503345078939e-02
1.919999999999999574e+01 1.136639999943835022e+00 1.000000000000000000e+01 -8.815999999999998948e+00 -9.414120503345078939e-02
1.919999999999999574e+01 1.136639999943835022e+00 1.000000000000000000e+01 -8.815999999999998948e+00 -9.414120503345078939e-02
1.939999999999999858e+01 9.583599999438305872e-01 1.000000000000000000e+01 -9.011999999999998678e+00 -9.658691090981542937e-02
1.939999999999999858e+01 9.583599999438305872e-01 1.000000000000000000e+01 -9.011999999999998678e+00 -9.658691090981542937e-02
1.939999999999999858e+01 9.583599999438305872e-01 1.000000000000000000e+01 -9.011999999999998678e+00 -9.658691090981542937e-02
1.960000000000000142e+01 7.761599999438324460e-01 1.000000000000000000e+01 -9.208000000000000185e+00 -9.969939500308290514e-02
1.960000000000000142e+01 7.761599999438324460e-01 1.000000000000000000e+01 -9.208000000000000185e+00 -9.969939500308290514e-02
1.979999999999999716e+01 5.900399999438334930e-01 1.000000000000000000e+01 -9.403999999999998138e+00 -1.036372745430811232e-01
2.000000000000000000e+00 0.000000000000000000e+00 5.000000000000000000e+00 1.000000000000000000e+01 2.004047237760879230e-01
2.000000000000000000e+00 0.000000000000000000e+00 5.000000000000000000e+00 1.000000000000000000e+01 2.004047237760879230e-01
2.000000000000000000e+00 0.000000000000000000e+00 5.000000000000000000e+00 1.000000000000000000e+01 2.004047237760879230e-01
2.100000000000000089e+00 1.980399985535852281e-01 5.000000000000000000e+00 9.804000000000000270e+00 1.742492240043289897e-01
2.100000000000000089e+00 1.980399985535852281e-01 5.000000000000000000e+00 9.804000000000000270e+00 1.742492240043289897e-01
2.100000000000000089e+00 1.980399985535852281e-01 5.000000000000000000e+00 9.804000000000000270e+00 1.742492240043289897e-01
2.200000000000000178e+00 3.921599985535855204e-01 5.000000000000000000e+00 9.607999999999998764e+00 1.494257618915118546e-01
2.200000000000000178e+00 3.921599985535855204e-01 5.000000000000000000e+00 9.607999999999998764e+00 1.494257618915118546e-01
2.200000000000000178e+00 3.921599985535855204e-01 5.000000000000000000e+00 9.607999999999998764e+00 1.494257618915118546e-01
2.300000000000000711e+00 5.823599985535856671e-01 5.000000000000000000e+00 9.411999999999999034e+00 1.263432486935995580e-01
2.300000000000000711e+00 5.823599985535856671e-01 5.000000000000000000e+00 9.411999999999999034e+00 1.263432486935995580e-01
2.300000000000000711e+00 5.823599985535856671e-01 5.000000000000000000e+00 9.411999999999999034e+00 1.263432486935995580e-01
2.400000000000000355e+00 7.686399985535857793e-01 5.000000000000000000e+00 9.215999999999999304e+00 1.054159107777171145e-01
2.400000000000000355e+00 7.686399985535857793e-01 5.000000000000000000e+00 9.215999999999999304e+00 1.054159107777171145e-01
2.400000000000000355e+00 7.686399985535857793e-01 5.000000000000000000e+00 9.215999999999999304e+00 1.054159107777171145e-01
2.500000000000000444e+00 9.509999985535859679e-01 5.000000000000000000e+00 9.019999999999999574e+00 8.695844248655558439e-02
2.500000000000000444e+00 9.509999985535859679e-01 5.000000000000000000e+00 9.019999999999999574e+00 8.695844248655558439e-02
2.500000000000000444e+00 9.509999985535859679e-01 5.000000000000000000e+00 9.019999999999999574e+00 8.695844248655558439e-02
2.600000000000000533e+00 1.129439998553586122e+00 5.000000000000000000e+00 8.823999999999998067e+00 7.113759116430171114e-02
2.600000000000000533e+00 1.129439998553586122e+00 5.000000000000000000e+00 8.823999999999998067e+00 7.113759116430171114e-02
2.600000000000000533e+00 1.129439998553586122e+00 5.000000000000000000e+00 8.823999999999998067e+00 7.113759116430171114e-02
2.700000000000000178e+00 1.303959998553585464e+00 5.000000000000000000e+00 8.628000000000000114e+00 5.797683524435735813e-02
2.700000000000000178e+00 1.303959998553585464e+00 5.000000000000000000e+00 8.628000000000000114e+00 5.797683524435735813e-02
2.700000000000000178e+00 1.303959998553585464e+00 5.000000000000000000e+00 8.628000000000000114e+00 5.797683524435735813e-02
2.799999999999998934e+00 1.474559998553583995e+00 5.000000000000000000e+00 8.432000000000000384e+00 4.739314414564252398e-02
2.799999999999998934e+00 1.474559998553583995e+00 5.000000000000000000e+00 8.432000000000000384e+00 4.739314414564252398e-02
2.799999999999998934e+00 1.474559998553583995e+00 5.000000000000000000e+00 8.432000000000000384e+00 4.739314414564252398e-02
2.899999999999999467e+00 1.641239998553583934e+00 5.000000000000000000e+00 8.236000000000000654e+00 3.924302192777006509e-02
2.899999999999999467e+00 1.641239998553583934e+00 5.000000000000000000e+00 8.236000000000000654e+00 3.924302192777006509e-02
2.899999999999999467e+00 1.641239998553583934e+00 5.000000000000000000e+00 8.236000000000000654e+00 3.924302192777006509e-02
2.999999999999999112e+00 1.803999998553584172e+00 5.000000000000000000e+00 8.040000000000000924e+00 3.336202145598882868e-02
2.999999999999999112e+00 1.803999998553584172e+00 5.000000000000000000e+00 8.040000000000000924e+00 3.336202145598882868e-02
2.999999999999999112e+00 1.803999998553584172e+00 5.000000000000000000e+00 8.040000000000000924e+00 3.336202145598882868e-02
3.099999999999999645e+00 1.962839998553584264e+00 5.000000000000000000e+00 7.844000000000000306e+00 2.959052573222972771e-02
3.099999999999999645e+00 1.962839998553584264e+00 5.000000000000000000e+00 7.844000000000000306e+00 2.959052573222972771e-02
3.099999999999999645e+00 1.962839998553584264e+00 5.000000000000000000e+00 7.844000000000000306e+00 2.959052573222972771e-02
3.199999999999999289e+00 2.117759998553584655e+00 5.000000000000000000e+00 7.648000000000000576e+00 2.778496492501449783e-02
3.199999999999999289e+00 2.117759998553584655e+00 5.000000000000000000e+00 7.648000000000000576e+00 2.778496492501449783e-02
3.199999999999999289e+00 2.117759998553584655e+00 5.000000000000000000e+00 7.648000000000000576e+00 2.778496492501449783e-02
3.299999999999998934e+00 2.268759998553583568e+00 5.000000000000000000e+00 7.452000000000000846e+00 2.781700872131499802e-02
3.299999999999998934e+00 2.268759998553583568e+00 5.000000000000000000e+00 7.452000000000000846e+00 2.781700872131499802e-02
3.299999999999998934e+00 2.268759998553583568e+00 5.000000000000000000e+00 7.452000000000000846e+00 2.781700872131499802e-02
3.399999999999999023e+00 2.415839998553583889e+00 5.000000000000000000e+00 7.256000000000000227e+00 2.956440923840397694e-02
3.399999999999999023e+00 2.415839998553583889e+00 5.000000000000000000e+00 7.256000000000000227e+00 2.956440923840397694e-02
3.399999999999999023e+00 2.415839998553583889e+00 5.000000000000000000e+00 7.256000000000000227e+00 2.956440923840397694e-02
3.499999999999999112e+00 2.558999998553583843e+00 5.000000000000000000e+00 7.060000000000000497e+00 3.289711612415303910e-02
3.499999999999999112e+00 2.558999998553583843e+00 5.000000000000000000e+00 7.060000000000000497e+00 3.289711612415303910e-02
3.499999999999999112e+00 2.558999998553583843e+00 5.000000000000000000e+00 7.060000000000000497e+00 3.289711612415303910e-02
3.599999999999999201e+00 2.698239998553583874e+00 5.000000000000000000e+00 6.864000000000000767e+00 3.766184059731399192e-02
3.599999999999999201e+00 2.698239998553583874e+00 5.000000000000000000e+00 6.864000000000000767e+00 3.766184059731399192e-02
3.599999999999999201e+00 2.698239998553583874e+00 5.000000000000000000e+00 6.864000000000000767e+00 3.766184059731399192e-02
3.699999999999999289e+00 2.833559998553584425e+00 5.000000000000000000e+00 6.668000000000000149e+00 4.366786793015653423e-02
3.699999999999999289e+00 2.833559998553584425e+00 5.000000000000000000e+00 6.668000000000000149e+00 4.366786793015653423e-02
3.699999999999999289e+00 2.833559998553584425e+00 5.000000000000000000e+00 6.668000000000000149e+00 4.366786793015653423e-02
3.799999999999998490e+00 2.964959998553582832e+00 5.000000000000000000e+00 6.472000000000002196e+00 5.067676831828000356e-02
3.799999999999998490e+00 2.964959998553582832e+00 5.000000000000000000e+00 6.472000000000002196e+00 5.067676831828000356e-02
3.799999999999998490e+00 2.964959998553582832e+00 5.000000000000000000e+00 6.472000000000002196e+00 5.067676831828000356e-02
3.899999999999997691e+00 3.092439998553581759e+00 5.000000000000000000e+00 6.276000000000005130e+00 5.839862456639544064e-02
3.899999999999997691e+00 3.092439998553581759e+00 5.000000000000000000e+00 6.276000000000005130e+00 5.839862456639542676e-02
3.899999999999997691e+00 3.092439998553581759e+00 5.000000000000000000e+00 6.276000000000005130e+00 5.839862456639544064e-02
3.999999999999998224e+00 3.215999998553582984e+00 5.000000000000000000e+00 6.080000000000003624e+00 6.649710291129234951e-02
3.999999999999998224e+00 3.215999998553582984e+00 5.000000000000000000e+00 6.080000000000003624e+00 6.649710291129234951e-02
3.999999999999998224e+00 3.215999998553582984e+00 5.000000000000000000e+00 6.080000000000003624e+00 6.649710291129234951e-02
4.099999999999997868e+00 3.335639998553582064e+00 5.000000000000000000e+00 5.884000000000003894e+00 7.460455091653940551e-02
4.099999999999997868e+00 3.335639998553582064e+00 5.000000000000000000e+00 5.884000000000003894e+00 7.460455091653940551e-02
4.099999999999997868e+00 3.335639998553582064e+00 5.000000000000000000e+00 5.884000000000003894e+00 7.460455091653940551e-02
4.199999999999998401e+00 3.451359998553582997e+00 5.000000000000000000e+00 5.688000000000002387e+00 8.234585709476109627e-02
4.199999999999998401e+00 3.451359998553582997e+00 5.000000000000000000e+00 5.688000000000002387e+00 8.234585709476109627e-02
4.199999999999998401e+00 3.451359998553582997e+00 5.000000000000000000e+00 5.688000000000002387e+00 8.234585709476109627e-02
4.299999999999998046e+00 3.563159998553582231e+00 5.000000000000000000e+00 5.492000000000004434e+00 8.936655106254964842e-02
4.299999999999998046e+00 3.563159998553582231e+00 5.000000000000000000e+00 5.492000000000004434e+00 8.936655106254964842e-02
4.299999999999998046e+00 3.563159998553582231e+00 5.000000000000000000e+00 5.492000000000004434e+00 8.936655106254964842e-02
4.399999999999998579e+00 3.671039998553583317e+00 5.000000000000000000e+00 5.296000000000002927e+00 9.535871920453475870e-02
4.399999999999998579e+00 3.671039998553583317e+00 5.000000000000000000e+00 5.296000000000002927e+00 9.535871920453475870e-02
4.399999999999998579e+00 3.671039998553583317e+00 5.000000000000000000e+00 5.296000000000002927e+00 9.535871920453475870e-02
4.499999999999998224e+00 3.774999998553583591e+00 5.000000000000000000e+00 5.100000000000003197e+00 1.000803262935985455e-01
4.499999999999998224e+00 3.774999998553583591e+00 5.000000000000000000e+00 5.100000000000003197e+00 1.000803262935985455e-01
4.499999999999998224e+00 3.774999998553583591e+00 5.000000000000000000e+00 5.100000000000003197e+00 1.000803262935985455e-01
4.599999999999998757e+00 3.875039998553583498e+00 5.000000000000000000e+00 4.904000000000001691e+00 1.033687363878950383e-01
4.599999999999998757e+00 3.875039998553583498e+00 5.000000000000000000e+00 4.904000000000001691e+00 1.033687363878950383e-01
4.599999999999998757e+00 3.875039998553583498e+00 5.000000000000000000e+00 4.904000000000001691e+00 1.033687363878950383e-01
4.699999999999998401e+00 3.971159998553583481e+00 5.000000000000000000e+00 4.708000000000003737e+00 1.051520762058968661e-01
4.699999999999998401e+00 3.971159998553583481e+00 5.000000000000000000e+00 4.708000000000003737e+00 1.051520762058968661e-01
4.699999999999998401e+00 3.971159998553583481e+00 5.000000000000000000e+00 4.708000000000003737e+00 1.051520762058968661e-01
4.799999999999998934e+00 4.063359998553583985e+00 5.000000000000000000e+00 4.512000000000002231e+00 1.054579584627271527e-01
4.799999999999998934e+00 4.063359998553583985e+00 5.000000000000000000e+00 4.512000000000002231e+00 1.054579584627271527e-01
4.799999999999998934e+00 4.063359998553583985e+00 5.000000000000000000e+00 4.512000000000002231e+00 1.054579584627271527e-01
4.899999999999998579e+00 4.151639998553584121e+00 5.000000000000000000e+00 4.316000000000002501e+00 1.044114361226507887e-01
4.899999999999998579e+00 4.151639998553584121e+00 5.000000000000000000e+00 4.316000000000002501e+00 1.044114361226507887e-01
4.899999999999998579e+00 4.151639998553584121e+00 5.000000000000000000e+00 4.316000000000002501e+00 1.044114361226507887e-01
4.999999999999999112e+00 4.235999998553583445e+00 5.000000000000000000e+00 4.120000000000000995e+00 1.022119316581446558e-01
4.999999999999999112e+00 4.235999998553583445e+00 5.000000000000000000e+00 4.120000000000000995e+00 1.022119316581446558e-01
4.999999999999999112e+00 4.235999998553583445e+00 5.000000000000000000e+00 4.120000000000000995e+00 1.022119316581446558e-01
5.099999999999998757e+00 4.316439998553583735e+00 5.000000000000000000e+00 3.924000000000003041e+00 9.908686725661498829e-02
5.099999999999998757e+00 4.316439998553583735e+00 5.000000000000000000e+00 3.924000000000003041e+00 9.908686725661498829e-02
5.099999999999998757e+00 4.316439998553583735e+00 5.000000000000000000e+00 3.924000000000003041e+00 9.908686725661498829e-02
5.199999999999999289e+00 4.392959998553584100e+00 5.000000000000000000e+00 3.728000000000001535e+00 9.523287912144677569e-02
5.199999999999999289e+00 4.392959998553584100e+00 5.000000000000000000e+00 3.728000000000001535e+00 9.523287912144677569e-02
5.199999999999999289e+00 4.392959998553584100e+00 5.000000000000000000e+00 3.728000000000001535e+00 9.523287912144677569e-02
5.299999999999998934e+00 4.465559998553583654e+00 5.000000000000000000e+00 3.532000000000001805e+00 9.076414003362816285e-02
5.299999999999998934e+00 4.465559998553583654e+00 5.000000000000000000e+00 3.532000000000001805e+00 9.076414003362816285e-02
5.299999999999998934e+00 4.465559998553583654e+00 5.000000000000000000e+00 3.532000000000001805e+00 9.076414003362816285e-02
5.399999999999999467e+00 4.534239998553584172e+00 5.000000000000000000e+00 3.336000000000000298e+00 8.568558754096368413e-02
5.399999999999999467e+00 4.534239998553584172e+00 5.000000000000000000e+00 3.336000000000000298e+00 8.568558754096368413e-02
5.399999999999999467e+00 4.534239998553584172e+00 5.000000000000000000e+00 3.336000000000000298e+00 8.568558754096368413e-02
5.499999999999999112e+00 4.598999998553583879e+00 5.000000000000000000e+00 3.140000000000002345e+00 7.989896493298645486e-02
5.499999999999999112e+00 4.598999998553583879e+00 5.000000000000000000e+00 3.140000000000002345e+00 7.989896493298645486e-02
5.499999999999999112e+00 4.598999998553583879e+00 5.000000000000000000e+00 3.140000000000002345e+00 7.989896493298645486e-02
5.599999999999998757e+00 4.659839998553583662e+00 5.000000000000000000e+00 2.944000000000002615e+00 7.323851072320732014e-02
5.599999999999998757e+00 4.659839998553583662e+00 5.000000000000000000e+00 2.944000000000002615e+00 7.323851072320732014e-02
5.599999999999998757e+00 4.659839998553583662e+00 5.000000000000000000e+00 2.944000000000002615e+00 7.323851072320732014e-02
5.699999999999998401e+00 4.716759998553583522e+00 5.000000000000000000e+00 2.748000000000002885e+00 6.552619195245676376e-02
5.699999999999998401e+00 4.716759998553583522e+00 5.000000000000000000e+00 2.748000000000002885e+00 6.552619195245676376e-02
5.699999999999998401e+00 4.716759998553583522e+00 5.000000000000000000e+00 2.748000000000002885e+00 6.552619195245676376e-02
5.799999999999998934e+00 4.769759998553583458e+00 5.000000000000000000e+00 2.552000000000003155e+00 5.663414791739108944e-02
5.799999999999998934e+00 4.769759998553583458e+00 5.000000000000000000e+00 2.552000000000003155e+00 5.663414791739108944e-02
5.799999999999998934e+00 4.769759998553583458e+00 5.000000000000000000e+00 2.552000000000003155e+00 5.663414791739108944e-02
5.899999999999998579e+00 4.818839998553584358e+00 5.000000000000000000e+00 2.356000000000002537e+00 4.654223217765099396e-02
5.899999999999998579e+00 4.818839998553584358e+00 5.000000000000000000e+00 2.356000000000002537e+00 4.654223217765099396e-02
5.899999999999998579e+00 4.818839998553584358e+00 5.000000000000000000e+00 2.356000000000002537e+00 4.654223217765099396e-02
5.999999999999998224e+00 4.863999998553583559e+00 5.000000000000000000e+00 2.160000000000002807e+00 3.537947890605147583e-02
5.999999999999998224e+00 4.863999998553583559e+00 5.000000000000000000e+00 2.160000000000002807e+00 3.537947890605147583e-02
5.999999999999998224e+00 4.863999998553583559e+00 5.000000000000000000e+00 2.160000000000002807e+00 3.537947890605147583e-02
6.099999999999999645e+00 4.905239998553584613e+00 5.000000000000000000e+00 1.964000000000002188e+00 2.344021522559849163e-02
6.099999999999999645e+00 4.905239998553584613e+00 5.000000000000000000e+00 1.964000000000002188e+00 2.344021522559849163e-02
6.099999999999999645e+00 4.905239998553584613e+00 5.000000000000000000e+00 1.964000000000002188e+00 2.344021522559849163e-02
6.199999999999997513e+00 4.942559998553583966e+00 5.000000000000000000e+00 1.768000000000005123e+00 1.116958325795597284e-02
6.199999999999997513e+00 4.942559998553583966e+00 5.000000000000000000e+00 1.768000000000005123e+00 1.116958325795597284e-02
6.199999999999997513e+00 4.942559998553583966e+00 5.000000000000000000e+00 1.768000000000005123e+00 1.116958325795597284e-02
6.299999999999998046e+00 4.975959998553584285e+00 5.000000000000000000e+00 1.572000000000004505e+00 -8.803569047704240536e-04
6.299999999999998046e+00 4.975959998553584285e+00 5.000000000000000000e+00 1.572000000000004505e+00 -8.803569047704240536e-04
6.299999999999998046e+00 4.975959998553584285e+00 5.000000000000000000e+00 1.572000000000004505e+00 -8.803569047704240536e-04
6.399999999999997691e+00 5.005439998553583791e+00 5.000000000000000000e+00 1.376000000000004775e+00 -1.211564915431587175e-02
6.399999999999997691e+00 5.005439998553583791e+00 5.000000000000000000e+00 1.376000000000004775e+00 -1.211564915431587175e-02
6.399999999999997691e+00 5.005439998553583791e+00 5.000000000000000000e+00 1.376000000000004775e+00 -1.211564915431587175e-02
6.499999999999998224e+00 5.030999998553584263e+00 5.000000000000000000e+00 1.180000000000004157e+00 -2.197313874273400247e-02
6.499999999999998224e+00 5.030999998553584263e+00 5.000000000000000000e+00 1.180000000000004157e+00 -2.197313874273400247e-02
6.499999999999998224e+00 5.030999998553584263e+00 5.000000000000000000e+00 1.180000000000004157e+00 -2.197313874273400247e-02
6.599999999999997868e+00 5.052639998553583922e+00 5.000000000000000000e+00 9.840000000000044267e-01 -2.998627474772523616e-02
6.599999999999997868e+00 5.052639998553583922e+00 5.000000000000000000e+00 9.840000000000044267e-01 -2.998627474772523616e-02
6.599999999999997868e+00 5.052639998553583922e+00 5.000000000000000000e+00 9.840000000000044267e-01 -2.998627474772523616e-02
6.699999999999998401e+00 5.070359998553584546e+00 5.000000000000000000e+00 7.880000000000038085e-01 -3.583267925573918600e-02
6.699999999999998401e+00 5.070359998553584546e+00 5.000000000000000000e+00 7.880000000000038085e-01 -3.583267925573918600e-02
6.699999999999998401e+00 5.070359998553584546e+00 5.000000000000000000e+00 7.880000000000038085e-01 -3.583267925573918600e-02
6.799999999999998046e+00 5.084159998553584359e+00 5.000000000000000000e+00 5.920000000000040785e-01 -3.935818280676155190e-02
6.799999999999998046e+00 5.084159998553584359e+00 5.000000000000000000e+00 5.920000000000040785e-01 -3.935818280676155190e-02
6.799999999999998046e+00 5.084159998553584359e+00 5.000000000000000000e+00 5.920000000000040785e-01 -3.935818280676155190e-02
6.899999999999998579e+00 5.094039998553584248e+00 5.000000000000000000e+00 3.960000000000034603e-01 -4.057825932898016796e-02
6.899999999999998579e+00 5.094039998553584248e+00 5.000000000000000000e+00 3.960000000000034603e-01 -4.057825932898022347e-02
6.899999999999998579e+00 5.094039998553584248e+00 5.000000000000000000e+00 3.960000000000034603e-01 -4.057825932898022347e-02
6.999999999999998224e+00 5.099999998553584213e+00 5.000000000000000000e+00 2.000000000000028422e-01 -3.966193954044537617e-02
6.999999999999998224e+00 5.099999998553584213e+00 5.000000000000000000e+00 2.000000000000028422e-01 -3.966193954044537617e-02
6.999999999999998224e+00 5.099999998553584213e+00 5.000000000000000000e+00 2.000000000000028422e-01 -3.966193954044537617e-02
7.099999999999998757e+00 5.102039998553584255e+00 5.000000000000000000e+00 4.000000000003112177e-03 -3.690453255469473837e-02
7.099999999999998757e+00 5.102039998553584255e+00 5.000000000000000000e+00 4.000000000003112177e-03 -3.690453255469473837e-02
7.099999999999998757e+00 5.102039998553584255e+00 5.000000000000000000e+00 4.000000000003112177e-03 -3.690453255469473837e-02
7.199999999999999289e+00 5.100159998553584373e+00 5.000000000000000000e+00 -1.919999999999975060e-01 -3.269457799547972887e-02
7.199999999999999289e+00 5.100159998553584373e+00 5.000000000000000000e+00 -1.919999999999975060e-01 -3.269457799547972887e-02
7.199999999999999289e+00 5.100159998553584373e+00 5.000000000000000000e+00 -1.919999999999975060e-01 -3.269457799547972887e-02
7.299999999999998934e+00 5.094359998553584568e+00 5.000000000000000000e+00 -3.879999999999972360e-01 -2.747877274544684167e-02
7.299999999999998934e+00 5.094359998553584568e+00 5.000000000000000000e+00 -3.879999999999972360e-01 -2.747877274544684167e-02
7.299999999999998934e+00 5.094359998553584568e+00 5.000000000000000000e+00 -3.879999999999972360e-01 -2.747877274544684167e-02
7.399999999999998579e+00 5.084639998553584839e+00 5.000000000000000000e+00 -5.839999999999978542e-01 -2.172724862663757972e-02
7.399999999999998579e+00 5.084639998553584839e+00 5.000000000000000000e+00 -5.839999999999978542e-01 -2.172724862663757972e-02
7.399999999999998579e+00 5.084639998553584839e+00 5.000000000000000000e+00 -5.839999999999978542e-01 -2.172724862663757972e-02
7.499999999999998224e+00 5.070999998553584298e+00 5.000000000000000000e+00 -7.799999999999975842e-01 -1.590090703068980371e-02
7.499999999999998224e+00 5.070999998553584298e+00 5.000000000000000000e+00 -7.799999999999975842e-01 -1.590090703068980371e-02
7.499999999999998224e+00 5.070999998553584298e+00 5.000000000000000000e+00 -7.799999999999975842e-01 -1.590090703068980371e-02
7.599999999999998757e+00 5.053439998553584722e+00 5.000000000000000000e+00 -9.759999999999982023e-01 -1.042238034502092348e-02
7.599999999999998757e+00 5.053439998553584722e+00 5.000000000000000000e+00 -9.759999999999982023e-01 -1.042238034502092348e-02
7.599999999999998757e+00 5.053439998553584722e+00 5.000000000000000000e+00 -9.759999999999982023e-01 -1.042238034502092348e-02
7.699999999999999289e+00 5.031959998553584335e+00 5.000000000000000000e+00 -1.171999999999997932e+00 -5.652207877106962819e-03
7.699999999999999289e+00 5.031959998553584335e+00 5.000000000000000000e+00 -1.171999999999997932e+00 -5.652207877106962819e-03
7.699999999999999289e+00 5.031959998553584335e+00 5.000000000000000000e+00 -1.171999999999997932e+00 -5.652207877106962819e-03
7.799999999999998934e+00 5.006559998553584023e+00 5.000000000000000000e+00 -1.367999999999998550e+00 -1.871661978197311504e-03
7.799999999999998934e+00 5.006559998553584023e+00 5.000000000000000000e+00 -1.367999999999998550e+00 -1.871661978197311504e-03
7.799999999999998934e+00 5.006559998553584023e+00 5.000000000000000000e+00 -1.367999999999998550e+00 -1.871661978197311504e-03
7.899999999999996803e+00 4.977239998553585565e+00 5.000000000000000000e+00 -1.563999999999994284e+00 7.268011745801411516e-04
7.899999999999996803e+00 4.977239998553585565e+00 5.000000000000000000e+00 -1.563999999999994284e+00 7.268011745801411516e-04
7.899999999999996803e+00 4.977239998553585565e+00 5.000000000000000000e+00 -1.563999999999994284e+00 7.268011745801411516e-04
7.999999999999999112e+00 4.943999998553584518e+00 5.000000000000000000e+00 -1.759999999999998899e+00 2.041217603785311363e-03
7.999999999999999112e+00 4.943999998553584518e+00 5.000000000000000000e+00 -1.759999999999998899e+00 2.041217603785311363e-03
7.999999999999999112e+00 4.943999998553584518e+00 5.000000000000000000e+00 -1.759999999999998899e+00 2.041217603785311363e-03
8.099999999999997868e+00 4.906839998553585325e+00 5.000000000000000000e+00 -1.955999999999994632e+00 2.054506185522469996e-03
8.099999999999997868e+00 4.906839998553585325e+00 5.000000000000000000e+00 -1.955999999999994632e+00 2.054506185522469996e-03
8.099999999999997868e+00 4.906839998553585325e+00 5.000000000000000000e+00 -1.955999999999994632e+00 2.054506185522469996e-03
8.199999999999999289e+00 4.865759998553584431e+00 5.000000000000000000e+00 -2.151999999999999247e+00 8.229310409816059657e-04
8.199999999999999289e+00 4.865759998553584431e+00 5.000000000000000000e+00 -2.151999999999999247e+00 8.229310409816059657e-04
8.199999999999999289e+00 4.865759998553584431e+00 5.000000000000000000e+00 -2.151999999999999247e+00 8.229310409816059657e-04
8.299999999999997158e+00 4.820759998553585390e+00 5.000000000000000000e+00 -2.347999999999994980e+00 -1.539448169442361736e-03
8.299999999999997158e+00 4.820759998553585390e+00 5.000000000000000000e+00 -2.347999999999994980e+00 -1.539448169442361736e-03
8.299999999999997158e+00 4.820759998553585390e+00 5.000000000000000000e+00 -2.347999999999994980e+00 -1.539448169442361736e-03
8.400000000000000355e+00 4.771839998553584650e+00 5.000000000000000000e+00 -2.543999999999999595e+00 -4.878160076930579403e-03
8.400000000000000355e+00 4.771839998553584650e+00 5.000000000000000000e+00 -2.543999999999999595e+00 -4.878160076930579403e-03
8.400000000000000355e+00 4.771839998553584650e+00 5.000000000000000000e+00 -2.543999999999999595e+00 -4.878160076930579403e-03
8.499999999999998224e+00 4.718999998553585762e+00 5.000000000000000000e+00 -2.739999999999995328e+00 -9.015425063063672861e-03
8.499999999999998224e+00 4.718999998553585762e+00 5.000000000000000000e+00 -2.739999999999995328e+00 -9.015425063063672861e-03
8.499999999999998224e+00 4.718999998553585762e+00 5.000000000000000000e+00 -2.739999999999995328e+00 -9.015425063063672861e-03
8.599999999999999645e+00 4.662239998553584286e+00 5.000000000000000000e+00 -2.935999999999999943e+00 -1.376522204636264346e-02
8.599999999999999645e+00 4.662239998553584286e+00 5.000000000000000000e+00 -2.935999999999999943e+00 -1.376522204636264346e-02
8.599999999999999645e+00 4.662239998553584286e+00 5.000000000000000000e+00 -2.935999999999999943e+00 -1.376522204636264346e-02
8.699999999999997513e+00 4.601559998553585551e+00 5.000000000000000000e+00 -3.131999999999995676e+00 -1.894512965888757450e-02
8.699999999999997513e+00 4.601559998553585551e+00 5.000000000000000000e+00 -3.131999999999995676e+00 -1.894512965888757450e-02
8.699999999999997513e+00 4.601559998553585551e+00 5.000000000000000000e+00 -3.131999999999995676e+00 -1.894512965888757450e-02
8.800000000000000711e+00 4.536959998553584228e+00 5.000000000000000000e+00 -3.328000000000000291e+00 -2.438440536212886645e-02
8.800000000000000711e+00 4.536959998553584228e+00 5.000000000000000000e+00 -3.328000000000000291e+00 -2.438440536212886645e-02
8.800000000000000711e+00 4.536959998553584228e+00 5.000000000000000000e+00 -3.328000000000000291e+00 -2.438440536212886645e-02
8.899999999999998579e+00 4.468439998553585646e+00 5.000000000000000000e+00 -3.523999999999996469e+00 -2.992837355468976057e-02
8.899999999999998579e+00 4.468439998553585646e+00 5.000000000000000000e+00 -3.523999999999996469e+00 -2.992837355468976057e-02
8.899999999999998579e+00 4.468439998553585646e+00 5.000000000000000000e+00 -3.523999999999996469e+00 -2.992837355468976057e-02
9.000000000000000000e+00 4.395999998553584476e+00 5.000000000000000000e+00 -3.720000000000000639e+00 -3.543965708304000484e-02
9.000000000000000000e+00 4.395999998553584476e+00 5.000000000000000000e+00 -3.720000000000000639e+00 -3.543965708304000484e-02
9.000000000000000000e+00 4.395999998553584476e+00 5.000000000000000000e+00 -3.720000000000000639e+00 -3.543965708304000484e-02
9.099999999999997868e+00 4.319639998553586047e+00 5.000000000000000000e+00 -3.915999999999996817e+00 -4.079706131480063946e-02
9.099999999999997868e+00 4.319639998553586047e+00 5.000000000000000000e+00 -3.915999999999996817e+00 -4.079706131480063946e-02
9.099999999999997868e+00 4.319639998553586047e+00 5.000000000000000000e+00 -3.915999999999996817e+00 -4.079706131480063946e-02
9.199999999999997513e+00 4.239359998553585918e+00 5.000000000000000000e+00 -4.111999999999996547e+00 -4.589301621005174858e-02
9.199999999999997513e+00 4.239359998553585918e+00 5.000000000000000000e+00 -4.111999999999996547e+00 -4.589301621005174858e-02
9.199999999999997513e+00 4.239359998553585918e+00 5.000000000000000000e+00 -4.111999999999996547e+00 -4.589301621005174858e-02
9.299999999999997158e+00 4.155159998553585865e+00 5.000000000000000000e+00 -4.307999999999996277e+00 -5.063044373983606461e-02
9.299999999999997158e+00 4.155159998553585865e+00 5.000000000000000000e+00 -4.307999999999996277e+00 -5.063044373983606461e-02
9.299999999999997158e+00 4.155159998553585865e+00 5.000000000000000000e+00 -4.307999999999996277e+00 -5.063044373983606461e-02
9.399999999999998579e+00 4.067039998553585889e+00 5.000000000000000000e+00 -4.503999999999996895e+00 -5.491979530837583223e-02
9.399999999999998579e+00 4.067039998553585889e+00 5.000000000000000000e+00 -4.503999999999996895e+00 -5.491979530837583223e-02
9.399999999999998579e+00 4.067039998553585889e+00 5.000000000000000000e+00 -4.503999999999996895e+00 -5.491979530837583223e-02
9.499999999999998224e+00 3.974999998553585545e+00 5.000000000000000000e+00 -4.699999999999997513e+00 -5.867682962599533869e-02
9.499999999999998224e+00 3.974999998553585545e+00 5.000000000000000000e+00 -4.699999999999997513e+00 -5.867682962599533869e-02
9.499999999999998224e+00 3.974999998553585545e+00 5.000000000000000000e+00 -4.699999999999997513e+00 -5.867682962599533869e-02
9.599999999999997868e+00 3.879039998553585722e+00 5.000000000000000000e+00 -4.895999999999997243e+00 -6.182148505734406940e-02
9.599999999999997868e+00 3.879039998553585722e+00 5.000000000000000000e+00 -4.895999999999997243e+00 -6.182148505734406940e-02
9.599999999999997868e+00 3.879039998553585722e+00 5.000000000000000000e+00 -4.895999999999997243e+00 -6.182148505734406940e-02
9.699999999999999289e+00 3.779159998553585531e+00 5.000000000000000000e+00 -5.091999999999997861e+00 -6.427793959526047207e-02
9.699999999999999289e+00 3.779159998553585531e+00 5.000000000000000000e+00 -5.091999999999997861e+00 -6.427793959526047207e-02
9.699999999999999289e+00 3.779159998553585531e+00 5.000000000000000000e+00 -5.091999999999997861e+00 -6.427793959526047207e-02
9.799999999999998934e+00 3.675359998553585417e+00 5.000000000000000000e+00 -5.287999999999997591e+00 -6.597566311546006201e-02
9.799999999999998934e+00 3.675359998553585417e+00 5.000000000000000000e+00 -5.287999999999997591e+00 -6.597566311546006201e-02
9.799999999999998934e+00 3.675359998553585417e+00 5.000000000000000000e+00 -5.287999999999997591e+00 -6.597566311546008977e-02
9.899999999999998579e+00 3.567639998553584491e+00 5.000000000000000000e+00 -5.483999999999998209e+00 -6.685102420131071310e-02
9.899999999999998579e+00 3.567639998553584491e+00 5.000000000000000000e+00 -5.483999999999998209e+00 -6.685102420131071310e-02
9.899999999999998579e+00 3.567639998553584491e+00 5.000000000000000000e+00 -5.483999999999998209e+00 -6.685102420131071310e-02
9.999999999999998224e+00 3.455999998553584973e+00 5.000000000000000000e+00 -5.679999999999997939e+00 -6.684896420589118982e-02
9.999999999999998224e+00 3.455999998553584973e+00 5.000000000000000000e+00 -5.679999999999997939e+00 -6.684896420589118982e-02
9.999999999999998224e+00 3.455999998553584973e+00 5.000000000000000000e+00 -5.679999999999997939e+00 -6.684896420589118982e-02
1.009999999999999787e+01 3.340439998553582868e+00 5.000000000000000000e+00 -5.875999999999999446e+00 -6.592456479255455470e-02
1.009999999999999787e+01 3.340439998553582868e+00 5.000000000000000000e+00 -5.875999999999999446e+00 -6.592456479255455470e-02
1.009999999999999787e+01 3.340439998553582868e+00 5.000000000000000000e+00 -5.875999999999999446e+00 -6.592456479255455470e-02
1.019999999999999929e+01 3.220959998553583503e+00 5.000000000000000000e+00 -6.071999999999997399e+00 -6.404507041866484840e-02
1.019999999999999929e+01 3.220959998553583503e+00 5.000000000000000000e+00 -6.071999999999997399e+00 -6.404507041866484840e-02
1.019999999999999929e+01 3.220959998553583503e+00 5.000000000000000000e+00 -6.071999999999997399e+00 -6.404507041866484840e-02
1.029999999999999893e+01 3.097559998553583327e+00 5.000000000000000000e+00 -6.267999999999998906e+00 -6.119386308952341758e-02
1.029999999999999893e+01 3.097559998553583327e+00 5.000000000000000000e+00 -6.267999999999998906e+00 -6.119386308952341758e-02
1.029999999999999893e+01 3.097559998553583327e+00 5.000000000000000000e+00 -6.267999999999998906e+00 -6.119386308952341758e-02
1.039999999999999680e+01 2.970239998553585892e+00 5.000000000000000000e+00 -6.463999999999995083e+00 -5.737846496668515262e-02
1.039999999999999680e+01 2.970239998553585892e+00 5.000000000000000000e+00 -6.463999999999995083e+00 -5.737846496668515262e-02
1.039999999999999680e+01 2.970239998553585892e+00 5.000000000000000000e+00 -6.463999999999995083e+00 -5.737846496668515262e-02
1.050000000000000000e+01 2.838999998553582316e+00 5.000000000000000000e+00 -6.660000000000000142e+00 -5.264414779674840561e-02
1.050000000000000000e+01 2.838999998553582316e+00 5.000000000000000000e+00 -6.660000000000000142e+00 -5.264414779674840561e-02
1.050000000000000000e+01 2.838999998553582316e+00 5.000000000000000000e+00 -6.660000000000000142e+00 -5.264414779674840561e-02
1.059999999999999787e+01 2.703839998553586810e+00 5.000000000000000000e+00 -6.855999999999994543e+00 -4.709266733139240435e-02
1.059999999999999787e+01 2.703839998553586810e+00 5.000000000000000000e+00 -6.855999999999994543e+00 -4.709266733139240435e-02
1.059999999999999787e+01 2.703839998553586810e+00 5.000000000000000000e+00 -6.855999999999994543e+00 -4.709266733139240435e-02
1.069999999999999929e+01 2.564759998553583387e+00 5.000000000000000000e+00 -7.051999999999999602e+00 -4.090217633807903541e-02
1.069999999999999929e+01 2.564759998553583387e+00 5.000000000000000000e+00 -7.051999999999999602e+00 -4.090217633807903541e-02
1.069999999999999929e+01 2.564759998553583387e+00 5.000000000000000000e+00 -7.051999999999999602e+00 -4.090217633807903541e-02
1.079999999999999716e+01 2.421759998553586257e+00 5.000000000000000000e+00 -7.247999999999995779e+00 -3.434059544970516353e-02
1.079999999999999716e+01 2.421759998553586257e+00 5.000000000000000000e+00 -7.247999999999995779e+00 -3.434059544970516353e-02
1.079999999999999716e+01 2.421759998553586257e+00 5.000000000000000000e+00 -7.247999999999995779e+00 -3.434059544970516353e-02
1.089999999999999858e+01 2.274839998553582987e+00 5.000000000000000000e+00 -7.444000000000000838e+00 -2.776264671660801098e-02
1.089999999999999858e+01 2.274839998553582987e+00 5.000000000000000000e+00 -7.444000000000000838e+00 -2.776264671660801098e-02
1.089999999999999858e+01 2.274839998553582987e+00 5.000000000000000000e+00 -7.444000000000000838e+00 -2.776264671660801098e-02
1.099999999999999645e+01 2.123999998553586011e+00 5.000000000000000000e+00 -7.639999999999995239e+00 -2.158266025049533632e-02
1.099999999999999645e+01 2.123999998553586011e+00 5.000000000000000000e+00 -7.639999999999995239e+00 -2.158266025049533632e-02
1.099999999999999645e+01 2.123999998553586011e+00 5.000000000000000000e+00 -7.639999999999995239e+00 -2.158266025049533632e-02
1.109999999999999964e+01 1.969239998553581117e+00 5.000000000000000000e+00 -7.836000000000000298e+00 -1.622217746172301134e-02
1.109999999999999964e+01 1.969239998553581117e+00 5.000000000000000000e+00 -7.836000000000000298e+00 -1.622217746172301134e-02
1.109999999999999964e+01 1.969239998553581117e+00 5.000000000000000000e+00 -7.836000000000000298e+00 -1.622217746172301134e-02
1.119999999999999751e+01 1.810559998553586070e+00 5.000000000000000000e+00 -8.031999999999996476e+00 -1.204140860194360951e-02
1.119999999999999751e+01 1.810559998553586070e+00 5.000000000000000000e+00 -8.031999999999996476e+00 -1.204140860194360951e-02
1.119999999999999751e+01 1.810559998553586070e+00 5.000000000000000000e+00 -8.031999999999996476e+00 -1.204140860194360951e-02
1.130000000000000071e+01 1.647959998553583105e+00 5.000000000000000000e+00 -8.228000000000001535e+00 -9.272065199461013152e-03
1.130000000000000071e+01 1.647959998553583105e+00 5.000000000000000000e+00 -8.228000000000001535e+00 -9.272065199461013152e-03
1.130000000000000071e+01 1.647959998553583105e+00 5.000000000000000000e+00 -8.228000000000001535e+00 -9.272065199461013152e-03
1.139999999999999858e+01 1.481439998553588211e+00 5.000000000000000000e+00 -8.423999999999995936e+00 -7.971338103333586167e-03
1.139999999999999858e+01 1.481439998553588211e+00 5.000000000000000000e+00 -8.423999999999995936e+00 -7.971338103333586167e-03
1.139999999999999858e+01 1.481439998553588211e+00 5.000000000000000000e+00 -8.423999999999995936e+00 -7.971338103333586167e-03
1.150000000000000000e+01 1.310999998553581847e+00 5.000000000000000000e+00 -8.620000000000000995e+00 -8.011630654819940078e-03
1.150000000000000000e+01 1.310999998553581847e+00 5.000000000000000000e+00 -8.620000000000000995e+00 -8.011630654819940078e-03
1.150000000000000000e+01 1.310999998553581847e+00 5.000000000000000000e+00 -8.620000000000000995e+00 -8.011630654819940078e-03
1.159999999999999787e+01 1.136639998553587105e+00 5.000000000000000000e+00 -8.815999999999997172e+00 -9.110758036374358437e-03
1.159999999999999787e+01 1.136639998553587105e+00 5.000000000000000000e+00 -8.815999999999997172e+00 -9.110758036374358437e-03
1.159999999999999787e+01 1.136639998553587105e+00 5.000000000000000000e+00 -8.815999999999997172e+00 -9.110758036374358437e-03
1.169999999999999751e+01 9.583599985535879995e-01 5.000000000000000000e+00 -9.011999999999996902e+00 -1.089651705321914577e-02
1.169999999999999751e+01 9.583599985535879995e-01 5.000000000000000000e+00 -9.011999999999996902e+00 -1.089651705321914577e-02
1.169999999999999751e+01 9.583599985535879995e-01 5.000000000000000000e+00 -9.011999999999996902e+00 -1.089651705321914577e-02
1.179999999999999716e+01 7.761599985535863055e-01 5.000000000000000000e+00 -9.207999999999996632e+00 -1.299039599229120934e-02
1.179999999999999716e+01 7.761599985535863055e-01 5.000000000000000000e+00 -9.207999999999996632e+00 -1.299039599229120934e-02
1.189999999999999858e+01 5.900399985535873526e-01 5.000000000000000000e+00 -9.403999999999996362e+00 -1.508935521157113435e-02
4.000000000000000000e+00 0.000000000000000000e+00 1.000000000000000000e+01 5.000000000000000000e+00 1.391156155999452304e-01
4.000000000000000000e+00 0.000000000000000000e+00 1.000000000000000000e+01 5.000000000000000000e+00 1.391156155999452304e-01
4.000000000000000000e+00 0.000000000000000000e+00 1.000000000000000000e+01 5.000000000000000000e+00 1.391156155999452304e-01
4.200000000000004619e+00 9.803999421543785342e-02 1.000000000000000000e+01 4.803999999999994941e+00 1.315574216110060035e-01
4.200000000000004619e+00 9.803999421543785342e-02 1.000000000000000000e+01 4.803999999999994941e+00 1.315574216110060035e-01
4.200000000000004619e+00 9.803999421543785342e-02 1.000000000000000000e+01 4.803999999999994941e+00 1.315574216110060035e-01
4.400000000000004796e+00 1.921599942154378349e-01 1.000000000000000000e+01 4.607999999999995211e+00 1.224380325883386023e-01
4.400000000000004796e+00 1.921599942154378349e-01 1.000000000000000000e+01 4.607999999999995211e+00 1.224380325883386023e-01
4.400000000000004796e+00 1.921599942154378349e-01 1.000000000000000000e+01 4.607999999999995211e+00 1.224380325883386023e-01
4.600000000000004974e+00 2.823599942154378928e-01 1.000000000000000000e+01 4.411999999999994593e+00 1.117887436762034364e-01
4.600000000000004974e+00 2.823599942154378928e-01 1.000000000000000000e+01 4.411999999999994593e+00 1.117887436762034364e-01
4.600000000000004974e+00 2.823599942154378928e-01 1.000000000000000000e+01 4.411999999999994593e+00 1.117887436762034364e-01
4.800000000000005151e+00 3.686399942154376941e-01 1.000000000000000000e+01 4.215999999999994863e+00 9.997324474806831840e-02
4.800000000000005151e+00 3.686399942154376941e-01 1.000000000000000000e+01 4.215999999999994863e+00 9.997324474806831840e-02
4.800000000000005151e+00 3.686399942154376941e-01 1.000000000000000000e+01 4.215999999999994863e+00 9.997324474806831840e-02
5.000000000000005329e+00 4.509999942154377384e-01 1.000000000000000000e+01 4.019999999999994245e+00 8.767223263876111616e-02
5.000000000000005329e+00 4.509999942154377384e-01 1.000000000000000000e+01 4.019999999999994245e+00 8.767223263876111616e-02
5.000000000000005329e+00 4.509999942154377384e-01 1.000000000000000000e+01 4.019999999999994245e+00 8.767223263876111616e-02
5.200000000000005507e+00 5.294399942154376371e-01 1.000000000000000000e+01 3.823999999999994515e+00 7.571195680642443804e-02
5.200000000000005507e+00 5.294399942154376371e-01 1.000000000000000000e+01 3.823999999999994515e+00 7.571195680642443804e-02
5.200000000000005507e+00 5.294399942154376371e-01 1.000000000000000000e+01 3.823999999999994515e+00 7.571195680642443804e-02
5.400000000000005684e+00 6.039599942154376677e-01 1.000000000000000000e+01 3.627999999999993896e+00 6.481136566354911421e-02
5.400000000000005684e+00 6.039599942154376677e-01 1.000000000000000000e+01 3.627999999999993896e+00 6.481136566354911421e-02
5.400000000000005684e+00 6.039599942154376677e-01 1.000000000000000000e+01 3.627999999999993896e+00 6.481136566354911421e-02
5.600000000000005862e+00 6.745599942154375528e-01 1.000000000000000000e+01 3.431999999999994166e+00 5.537814594665026180e-02
5.600000000000005862e+00 6.745599942154375528e-01 1.000000000000000000e+01 3.431999999999994166e+00 5.537814594665026180e-02
5.600000000000005862e+00 6.745599942154375528e-01 1.000000000000000000e+01 3.431999999999994166e+00 5.537814594665026180e-02
5.800000000000006040e+00 7.412399942154375143e-01 1.000000000000000000e+01 3.235999999999993992e+00 4.744121372449778412e-02
5.800000000000006040e+00 7.412399942154375143e-01 1.000000000000000000e+01 3.235999999999993992e+00 4.744121372449768004e-02
5.800000000000006040e+00 7.412399942154375143e-01 1.000000000000000000e+01 3.235999999999993992e+00 4.744121372449778412e-02
6.000000000000006217e+00 8.039999942154374413e-01 1.000000000000000000e+01 3.039999999999993818e+00 4.071702036725096535e-02
6.000000000000006217e+00 8.039999942154374413e-01 1.000000000000000000e+01 3.039999999999993818e+00 4.071702036725096535e-02
6.000000000000006217e+00 8.039999942154374413e-01 1.000000000000000000e+01 3.039999999999993818e+00 4.071702036725096535e-02
6.200000000000006395e+00 8.628399942154373337e-01 1.000000000000000000e+01 2.843999999999993200e+00 3.475193114177223264e-02
6.200000000000006395e+00 8.628399942154373337e-01 1.000000000000000000e+01 2.843999999999993200e+00 3.475193114177223264e-02
6.200000000000006395e+00 8.628399942154373337e-01 1.000000000000000000e+01 2.843999999999993200e+00 3.475193114177223264e-02
6.400000000000006573e+00 9.177599942154373025e-01 1.000000000000000000e+01 2.647999999999993026e+00 2.908184255430978221e-02
6.400000000000006573e+00 9.177599942154373025e-01 1.000000000000000000e+01 2.647999999999993026e+00 2.908184255430978221e-02
6.400000000000006573e+00 9.177599942154373025e-01 1.000000000000000000e+01 2.647999999999993026e+00 2.908184255430978221e-02
6.600000000000003197e+00 9.687599942154364596e-01 1.000000000000000000e+01 2.451999999999995516e+00 2.336905837121831808e-02
6.600000000000003197e+00 9.687599942154364596e-01 1.000000000000000000e+01 2.451999999999995516e+00 2.336905837121831808e-02
6.600000000000003197e+00 9.687599942154364596e-01 1.000000000000000000e+01 2.451999999999995516e+00 2.336905837121831808e-02
6.800000000000007816e+00 1.015839994215437470e+00 1.000000000000000000e+01 2.255999999999990902e+00 1.748913512647486124e-02
6.800000000000007816e+00 1.015839994215437470e+00 1.000000000000000000e+01 2.255999999999990902e+00 1.748913512647486124e-02
6.800000000000007816e+00 1.015839994215437470e+00 1.000000000000000000e+01 2.255999999999990902e+00 1.748913512647486124e-02
7.000000000000003553e+00 1.058999994215436447e+00 1.000000000000000000e+01 2.059999999999995168e+00 1.155180548808271146e-02
7.000000000000003553e+00 1.058999994215436447e+00 1.000000000000000000e+01 2.059999999999995168e+00 1.155180548808271146e-02
7.000000000000003553e+00 1.058999994215436447e+00 1.000000000000000000e+01 2.059999999999995168e+00 1.155180548808271146e-02
7.200000000000003730e+00 1.098239994215436388e+00 1.000000000000000000e+01 1.863999999999994994e+00 5.860373250952094493e-03
7.200000000000003730e+00 1.098239994215436388e+00 1.000000000000000000e+01 1.863999999999994994e+00 5.860373250952094493e-03
7.200000000000003730e+00 1.098239994215436388e+00 1.000000000000000000e+01 1.863999999999994994e+00 5.860373250952094493e-03
7.400000000000003908e+00 1.133559994215436184e+00 1.000000000000000000e+01 1.667999999999994598e+00 8.300295461322604318e-04
7.400000000000003908e+00 1.133559994215436184e+00 1.000000000000000000e+01 1.667999999999994598e+00 8.300295461322604318e-04
7.400000000000003908e+00 1.133559994215436184e+00 1.000000000000000000e+01 1.667999999999994598e+00 8.300295461322604318e-04
7.600000000000004086e+00 1.164959994215436057e+00 1.000000000000000000e+01 1.471999999999994646e+00 -3.119276220659730758e-03
7.600000000000004086e+00 1.164959994215436057e+00 1.000000000000000000e+01 1.471999999999994646e+00 -3.119276220659730758e-03
7.600000000000004086e+00 1.164959994215436057e+00 1.000000000000000000e+01 1.471999999999994646e+00 -3.119276220659730758e-03
7.800000000000004263e+00 1.192439994215436005e+00 1.000000000000000000e+01 1.275999999999994250e+00 -5.684745428227805375e-03
7.800000000000004263e+00 1.192439994215436005e+00 1.000000000000000000e+01 1.275999999999994250e+00 -5.684745428227805375e-03
7.800000000000004263e+00 1.192439994215436005e+00 1.000000000000000000e+01 1.275999999999994250e+00 -5.684745428227805375e-03
8.000000000000003553e+00 1.215999994215436031e+00 1.000000000000000000e+01 1.079999999999994076e+00 -6.783805617468788296e-03
8.000000000000003553e+00 1.215999994215436031e+00 1.000000000000000000e+01 1.079999999999994076e+00 -6.783805617468788296e-03
8.000000000000003553e+00 1.215999994215436031e+00 1.000000000000000000e+01 1.079999999999994076e+00 -6.783805617468788296e-03
8.200000000000004619e+00 1.235639994215435911e+00 1.000000000000000000e+01 8.839999999999939018e-01 -6.584114882276850822e-03
8.200000000000004619e+00 1.235639994215435911e+00 1.000000000000000000e+01 8.839999999999939018e-01 -6.584114882276850822e-03
8.200000000000004619e+00 1.235639994215435911e+00 1.000000000000000000e+01 8.839999999999939018e-01 -6.584114882276850822e-03
8.400000000000005684e+00 1.251359994215435645e+00 1.000000000000000000e+01 6.879999999999937277e-01 -5.437367489014813260e-03
8.400000000000005684e+00 1.251359994215435645e+00 1.000000000000000000e+01 6.879999999999937277e-01 -5.437367489014813260e-03
8.400000000000005684e+00 1.251359994215435645e+00 1.000000000000000000e+01 6.879999999999937277e-01 -5.437367489014813260e-03
8.600000000000004974e+00 1.263159994215435677e+00 1.000000000000000000e+01 4.919999999999934426e-01 -3.755742773267997658e-03
8.600000000000004974e+00 1.263159994215435677e+00 1.000000000000000000e+01 4.919999999999934426e-01 -3.755742773267997658e-03
8.600000000000004974e+00 1.263159994215435677e+00 1.000000000000000000e+01 4.919999999999934426e-01 -3.755742773267997658e-03
8.800000000000004263e+00 1.271039994215435565e+00 1.000000000000000000e+01 2.959999999999932685e-01 -1.898981588474471516e-03
8.800000000000004263e+00 1.271039994215435565e+00 1.000000000000000000e+01 2.959999999999932685e-01 -1.898981588474471516e-03
8.800000000000004263e+00 1.271039994215435565e+00 1.000000000000000000e+01 2.959999999999932685e-01 -1.898981588474471516e-03
9.000000000000005329e+00 1.274999994215435528e+00 1.000000000000000000e+01 9.999999999999120703e-02 -1.178450263471381154e-04
9.000000000000005329e+00 1.274999994215435528e+00 1.000000000000000000e+01 9.999999999999120703e-02 -1.178450263471381154e-04
9.000000000000005329e+00 1.274999994215435528e+00 1.000000000000000000e+01 9.999999999999120703e-02 -1.178450263471381154e-04
9.200000000000006395e+00 1.275039994215435346e+00 1.000000000000000000e+01 -9.600000000000896705e-02 1.441681050686330345e-03
9.200000000000006395e+00 1.275039994215435346e+00 1.000000000000000000e+01 -9.600000000000896705e-02 1.441681050686330345e-03
9.200000000000006395e+00 1.275039994215435346e+00 1.000000000000000000e+01 -9.600000000000896705e-02 1.441681050686330345e-03
9.400000000000005684e+00 1.271159994215435018e+00 1.000000000000000000e+01 -2.920000000000091411e-01 2.697236344517045525e-03
9.400000000000005684e+00 1.271159994215435018e+00 1.000000000000000000e+01 -2.920000000000091411e-01 2.697236344517045525e-03
9.400000000000005684e+00 1.271159994215435018e+00 1.000000000000000000e+01 -2.920000000000091411e-01 2.697236344517045525e-03
9.600000000000006750e+00 1.263359994215434767e+00 1.000000000000000000e+01 -4.880000000000093152e-01 3.582311696622486608e-03
9.600000000000006750e+00 1.263359994215434767e+00 1.000000000000000000e+01 -4.880000000000093152e-01 3.582311696622486608e-03
9.600000000000006750e+00 1.263359994215434767e+00 1.000000000000000000e+01 -4.880000000000093152e-01 3.582311696622486608e-03
9.800000000000007816e+00 1.251639994215434593e+00 1.000000000000000000e+01 -6.840000000000097113e-01 4.014335005119801236e-03
9.800000000000007816e+00 1.251639994215434593e+00 1.000000000000000000e+01 -6.840000000000097113e-01 4.014335005119801236e-03
9.800000000000007816e+00 1.251639994215434593e+00 1.000000000000000000e+01 -6.840000000000097113e-01 4.014335005119801236e-03
1.000000000000000711e+01 1.235999994215434494e+00 1.000000000000000000e+01 -8.800000000000098854e-01 3.888731888505067569e-03
1.000000000000000711e+01 1.235999994215434494e+00 1.000000000000000000e+01 -8.800000000000098854e-01 3.888731888505067569e-03
1.000000000000000711e+01 1.235999994215434494e+00 1.000000000000000000e+01 -8.800000000000098854e-01 3.888731888505067569e-03
1.020000000000000817e+01 1.216439994215434250e+00 1.000000000000000000e+01 -1.076000000000010060e+00 3.098134352122264290e-03
1.020000000000000817e+01 1.216439994215434250e+00 1.000000000000000000e+01 -1.076000000000010060e+00 3.098134352122264290e-03
1.020000000000000817e+01 1.216439994215434250e+00 1.000000000000000000e+01 -1.076000000000010060e+00 3.098134352122264290e-03
1.040000000000000746e+01 1.192959994215434083e+00 1.000000000000000000e+01 -1.272000000000010234e+00 1.568051878529874710e-03
1.040000000000000746e+01 1.192959994215434083e+00 1.000000000000000000e+01 -1.272000000000010234e+00 1.568051878529874710e-03
1.040000000000000746e+01 1.192959994215434083e+00 1.000000000000000000e+01 -1.272000000000010234e+00 1.568051878529874710e-03
1.060000000000000853e+01 1.165559994215433770e+00 1.000000000000000000e+01 -1.468000000000010408e+00 -7.046777751591459804e-04
1.060000000000000853e+01 1.165559994215433770e+00 1.000000000000000000e+01 -1.468000000000010408e+00 -7.046777751591459804e-04
1.060000000000000853e+01 1.165559994215433770e+00 1.000000000000000000e+01 -1.468000000000010408e+00 -7.046777751591459804e-04
1.080000000000000782e+01 1.134239994215433533e+00 1.000000000000000000e+01 -1.664000000000010582e+00 -3.626065870508607403e-03
1.080000000000000782e+01 1.134239994215433533e+00 1.000000000000000000e+01 -1.664000000000010582e+00 -3.626065870508607403e-03
1.080000000000000782e+01 1.134239994215433533e+00 1.000000000000000000e+01 -1.664000000000010582e+00 -3.626065870508607403e-03
1.100000000000000711e+01 1.098999994215433151e+00 1.000000000000000000e+01 -1.860000000000010756e+00 -7.004136067818175770e-03
1.100000000000000711e+01 1.098999994215433151e+00 1.000000000000000000e+01 -1.860000000000010756e+00 -7.004136067818175770e-03
1.100000000000000711e+01 1.098999994215433151e+00 1.000000000000000000e+01 -1.860000000000010756e+00 -7.004136067818175770e-03
1.120000000000000284e+01 1.059839994215433956e+00 1.000000000000000000e+01 -2.056000000000006711e+00 -1.057694822731894413e-02
1.120000000000000284e+01 1.059839994215433956e+00 1.000000000000000000e+01 -2.056000000000006711e+00 -1.057694822731894413e-02
1.120000000000000284e+01 1.059839994215433956e+00 1.000000000000000000e+01 -2.056000000000006711e+00 -1.057694822731894413e-02
1.140000000000000213e+01 1.016759994215433949e+00 1.000000000000000000e+01 -2.252000000000009550e+00 -1.406199918109826696e-02
1.140000000000000213e+01 1.016759994215433949e+00 1.000000000000000000e+01 -2.252000000000009550e+00 -1.406199918109826696e-02
1.140000000000000213e+01 1.016759994215433949e+00 1.000000000000000000e+01 -2.252000000000009550e+00 -1.406199918109826696e-02
1.159999999999999432e+01 9.697599942154297992e-01 1.000000000000000000e+01 -2.448000000000003951e+00 -1.721084924895166512e-02
1.159999999999999432e+01 9.697599942154297992e-01 1.000000000000000000e+01 -2.448000000000003951e+00 -1.721084924895166512e-02
1.159999999999999432e+01 9.697599942154297992e-01 1.000000000000000000e+01 -2.448000000000003951e+00 -1.721084924895166512e-02
1.180000000000000071e+01 9.188399942154319433e-01 1.000000000000000000e+01 -2.644000000000009010e+00 -1.985172713774445430e-02
1.180000000000000071e+01 9.188399942154319433e-01 1.000000000000000000e+01 -2.644000000000009010e+00 -1.985172713774455144e-02
1.180000000000000071e+01 9.188399942154319433e-01 1.000000000000000000e+01 -2.644000000000009010e+00 -1.985172713774455144e-02
1.199999999999999645e+01 8.639999942154261703e-01 1.000000000000000000e+01 -2.840000000000003411e+00 -2.190954929913128957e-02
1.199999999999999645e+01 8.639999942154261703e-01 1.000000000000000000e+01 -2.840000000000003411e+00 -2.190954929913128957e-02
1.199999999999999645e+01 8.639999942154261703e-01 1.000000000000000000e+01 -2.840000000000003411e+00 -2.190954929913128957e-02
1.220000000000000284e+01 8.052399942154266910e-01 1.000000000000000000e+01 -3.036000000000008470e+00 -2.340265454908825593e-02
1.220000000000000284e+01 8.052399942154266910e-01 1.000000000000000000e+01 -3.036000000000008470e+00 -2.340265454908825593e-02
1.220000000000000284e+01 8.052399942154266910e-01 1.000000000000000000e+01 -3.036000000000008470e+00 -2.340265454908825593e-02
1.239999999999999503e+01 7.425599942154335054e-01 1.000000000000000000e+01 -3.232000000000002871e+00 -2.442303976053750159e-02
1.239999999999999503e+01 7.425599942154335054e-01 1.000000000000000000e+01 -3.232000000000002871e+00 -2.442303976053750159e-02
1.239999999999999503e+01 7.425599942154335054e-01 1.000000000000000000e+01 -3.232000000000002871e+00 -2.442303976053750159e-02
1.259999999999999432e+01 6.759599942154324026e-01 1.000000000000000000e+01 -3.428000000000000824e+00 -2.510930826360424639e-02
1.259999999999999432e+01 6.759599942154324026e-01 1.000000000000000000e+01 -3.428000000000000824e+00 -2.510930826360424639e-02
1.259999999999999432e+01 6.759599942154324026e-01 1.000000000000000000e+01 -3.428000000000000824e+00 -2.510930826360424639e-02
1.279999999999999716e+01 6.054399942154375935e-01 1.000000000000000000e+01 -3.624000000000002331e+00 -2.561979850053809626e-02
1.279999999999999716e+01 6.054399942154375935e-01 1.000000000000000000e+01 -3.624000000000002331e+00 -2.561979850053809626e-02
1.279999999999999716e+01 6.054399942154375935e-01 1.000000000000000000e+01 -3.624000000000002331e+00 -2.561979850053809626e-02
1.300000000000000000e+01 5.309999942154277619e-01 1.000000000000000000e+01 -3.820000000000003837e+00 -2.611000226194162832e-02
1.300000000000000000e+01 5.309999942154277619e-01 1.000000000000000000e+01 -3.820000000000003837e+00 -2.611000226194162832e-02
1.300000000000000000e+01 5.309999942154277619e-01 1.000000000000000000e+01 -3.820000000000003837e+00 -2.611000226194162832e-02
1.319999999999999929e+01 4.526399942154242240e-01 1.000000000000000000e+01 -4.016000000000005343e+00 -2.671554167483140840e-02
1.319999999999999929e+01 4.526399942154242240e-01 1.000000000000000000e+01 -4.016000000000005343e+00 -2.671554167483140840e-02
1.319999999999999929e+01 4.526399942154242240e-01 1.000000000000000000e+01 -4.016000000000005343e+00 -2.671554167483140840e-02
1.339999999999999858e+01 3.703599942154340852e-01 1.000000000000000000e+01 -4.212000000000006850e+00 -2.754049462690702499e-02
1.339999999999999858e+01 3.703599942154340852e-01 1.000000000000000000e+01 -4.212000000000006850e+00 -2.754049462690702499e-02
1.339999999999999858e+01 3.703599942154340852e-01 1.000000000000000000e+01 -4.212000000000006850e+00 -2.754049462690702499e-02
1.359999999999999787e+01 2.841599942154289238e-01 1.000000000000000000e+01 -4.408000000000004803e+00 -2.865052213425929584e-02
1.359999999999999787e+01 2.841599942154289238e-01 1.000000000000000000e+01 -4.408000000000004803e+00 -2.865052213425929584e-02
1.359999999999999787e+01 2.841599942154289238e-01 1.000000000000000000e+01 -4.408000000000004803e+00 -2.865052213425929584e-02
1.379999999999999716e+01 1.940399942154300561e-01 1.000000000000000000e+01 -4.604000000000006310e+00 -3.007041082555267364e-02
1.379999999999999716e+01 1.940399942154300561e-01 1.000000000000000000e+01 -4.604000000000006310e+00 -3.007041082555267364e-02
1.379999999999999716e+01 1.940399942154300561e-01 1.000000000000000000e+01 -4.604000000000006310e+00 -3.007041082555267364e-02
1.400000000000000000e+01 9.999999421543037670e-02 1.000000000000000000e+01 -4.800000000000004263e+00 -3.178574975555494009e-02
1.400000000000000000e+01 9.999999421543037670e-02 1.000000000000000000e+01 -4.800000000000004263e+00 -3.178574975555494009e-02
1.400000000000000000e+01 9.999999421543037670e-02 1.000000000000000000e+01 -4.800000000000004263e+00 -3.178574975555494009e-02
1.419999999999999929e+01 2.039994215422780144e-03 1.000000000000000000e+01 -4.996000000000005770e+00 -3.374830163017825124e-02
1.419999999999999929e+01 2.039994215422780144e-03 1.000000000000000000e+01 -4.996000000000005770e+00 -3.374830163017825124e-02
1.419999999999999929e+01 2.039994215422780144e-03 1.000000000000000000e+01 -4.996000000000005770e+00 -3.374830163017825124e-02
1.439999999999999858e+01 -9.984000578457141728e-02 1.000000000000000000e+01 -5.192000000000003723e+00 -3.588429673511023266e-02
1.439999999999999858e+01 -9.984000578457141728e-02 1.000000000000000000e+01 -5.192000000000003723e+00 -3.588429673511023266e-02
1.439999999999999858e+01 -9.984000578457141728e-02 1.000000000000000000e+01 -5.192000000000003723e+00 -3.588429673511023266e-02
1.459999999999999787e+01 -2.056400057845735319e-01 1.000000000000000000e+01 -5.388000000000005230e+00 -3.810458694154549020e-02
1.459999999999999787e+01 -2.056400057845735319e-01 1.000000000000000000e+01 -5.388000000000005230e+00 -3.810458694154549020e-02
1.459999999999999787e+01 -2.056400057845735319e-01 1.000000000000000000e+01 -5.388000000000005230e+00 -3.810458694154549020e-02
1.479999999999999716e+01 -3.153600057845693527e-01 1.000000000000000000e+01 -5.584000000000006736e+00 -4.031550395409773391e-02
1.479999999999999716e+01 -3.153600057845693527e-01 1.000000000000000000e+01 -5.584000000000006736e+00 -4.031550395409773391e-02
1.479999999999999716e+01 -3.153600057845693527e-01 1.000000000000000000e+01 -5.584000000000006736e+00 -4.031550395409773391e-02
1.500000000000000000e+01 -4.290000057845659853e-01 1.000000000000000000e+01 -5.780000000000004690e+00 -4.242939366951593849e-02
1.500000000000000000e+01 -4.290000057845659853e-01 1.000000000000000000e+01 -5.780000000000004690e+00 -4.242939366951593849e-02
1.500000000000000000e+01 -4.290000057845659853e-01 1.000000000000000000e+01 -5.780000000000004690e+00 -4.242939366951593849e-02
1.519999999999999929e+01 -5.465600057845705351e-01 1.000000000000000000e+01 -5.976000000000006196e+00 -4.437405957959554559e-02
1.519999999999999929e+01 -5.465600057845705351e-01 1.000000000000000000e+01 -5.976000000000006196e+00 -4.437405957959554559e-02
1.519999999999999929e+01 -5.465600057845705351e-01 1.000000000000000000e+01 -5.976000000000006196e+00 -4.437405957959554559e-02
1.539999999999999858e+01 -6.680400057845687911e-01 1.000000000000000000e+01 -6.172000000000004150e+00 -4.610060987136140043e-02
1.539999999999999858e+01 -6.680400057845687911e-01 1.000000000000000000e+01 -6.172000000000004150e+00 -4.610060987136140043e-02
1.539999999999999858e+01 -6.680400057845687911e-01 1.000000000000000000e+01 -6.172000000000004150e+00 -4.610060987136140043e-02
1.559999999999999787e+01 -7.934400057845678589e-01 1.000000000000000000e+01 -6.368000000000005656e+00 -4.758934612034977640e-02
1.559999999999999787e+01 -7.934400057845678589e-01 1.000000000000000000e+01 -6.368000000000005656e+00 -4.758934612034977640e-02
1.559999999999999787e+01 -7.934400057845678589e-01 1.000000000000000000e+01 -6.368000000000005656e+00 -4.758934612034977640e-02
1.579999999999999716e+01 -9.227600057845677384e-01 1.000000000000000000e+01 -6.564000000000003610e+00 -4.885328928141545457e-02
1.579999999999999716e+01 -9.227600057845677384e-01 1.000000000000000000e+01 -6.564000000000003610e+00 -4.885328928141545457e-02
1.579999999999999716e+01 -9.227600057845677384e-01 1.000000000000000000e+01 -6.564000000000003610e+00 -4.885328928141545457e-02
1.600000000000000000e+01 -1.056000005784575535e+00 1.000000000000000000e+01 -6.760000000000008669e+00 -4.993872591392985172e-02
1.600000000000000000e+01 -1.056000005784575535e+00 1.000000000000000000e+01 -6.760000000000008669e+00 -4.993872591392985172e-02
1.600000000000000000e+01 -1.056000005784575535e+00 1.000000000000000000e+01 -6.760000000000008669e+00 -4.993872591392985172e-02
1.619999999999999574e+01 -1.193160005784573485e+00 1.000000000000000000e+01 -6.956000000000003070e+00 -5.092189981703516832e-02
1.619999999999999574e+01 -1.193160005784573485e+00 1.000000000000000000e+01 -6.956000000000003070e+00 -5.092189981703516832e-02
1.619999999999999574e+01 -1.193160005784573485e+00 1.000000000000000000e+01 -6.956000000000003070e+00 -5.092189981703516832e-02
1.640000000000000213e+01 -1.334240005784572247e+00 1.000000000000000000e+01 -7.152000000000008129e+00 -5.190091717078142153e-02
1.640000000000000213e+01 -1.334240005784572247e+00 1.000000000000000000e+01 -7.152000000000008129e+00 -5.190091717078142153e-02
1.640000000000000213e+01 -1.334240005784572247e+00 1.000000000000000000e+01 -7.152000000000008129e+00 -5.190091717078142153e-02
1.659999999999999432e+01 -1.479240005784571821e+00 1.000000000000000000e+01 -7.348000000000002530e+00 -5.298237782751606673e-02
1.659999999999999432e+01 -1.479240005784571821e+00 1.000000000000000000e+01 -7.348000000000002530e+00 -5.298237782751606673e-02
1.659999999999999432e+01 -1.479240005784571821e+00 1.000000000000000000e+01 -7.348000000000002530e+00 -5.298237782751606673e-02
1.680000000000000071e+01 -1.628160005784568654e+00 1.000000000000000000e+01 -7.544000000000007589e+00 -5.426335088686122521e-02
1.680000000000000071e+01 -1.628160005784568654e+00 1.000000000000000000e+01 -7.544000000000007589e+00 -5.426335088686122521e-02
1.680000000000000071e+01 -1.628160005784568654e+00 1.000000000000000000e+01 -7.544000000000007589e+00 -5.426335088686122521e-02
1.699999999999999645e+01 -1.781000005784566298e+00 1.000000000000000000e+01 -7.740000000000001990e+00 -5.581080953046203830e-02
1.699999999999999645e+01 -1.781000005784566298e+00 1.000000000000000000e+01 -7.740000000000001990e+00 -5.581080953046203830e-02
1.699999999999999645e+01 -1.781000005784566298e+00 1.000000000000000000e+01 -7.740000000000001990e+00 -5.581080953046203830e-02
1.719999999999999929e+01 -1.937760005784571860e+00 1.000000000000000000e+01 -7.936000000000007049e+00 -5.764171286493734170e-02
1.719999999999999929e+01 -1.937760005784571860e+00 1.000000000000000000e+01 -7.936000000000007049e+00 -5.764171286493734170e-02
1.719999999999999929e+01 -1.937760005784571860e+00 1.000000000000000000e+01 -7.936000000000007049e+00 -5.764171286493734170e-02
1.739999999999999503e+01 -2.098440005784571127e+00 1.000000000000000000e+01 -8.132000000000001450e+00 -5.970665422830608027e-02
1.739999999999999503e+01 -2.098440005784571127e+00 1.000000000000000000e+01 -8.132000000000001450e+00 -5.970665422830608027e-02
1.739999999999999503e+01 -2.098440005784571127e+00 1.000000000000000000e+01 -8.132000000000001450e+00 -5.970665422830608027e-02
1.760000000000000142e+01 -2.263040005784574760e+00 1.000000000000000000e+01 -8.328000000000006509e+00 -6.187838812490235874e-02
1.760000000000000142e+01 -2.263040005784574760e+00 1.000000000000000000e+01 -8.328000000000006509e+00 -6.187838812490235874e-02
1.760000000000000142e+01 -2.263040005784574760e+00 1.000000000000000000e+01 -8.328000000000006509e+00 -6.187838812490244200e-02
1.779999999999999716e+01 -2.431560005784572098e+00 1.000000000000000000e+01 -8.524000000000004462e+00 -6.394521608444690697e-02
1.779999999999999716e+01 -2.431560005784572098e+00 1.000000000000000000e+01 -8.524000000000004462e+00 -6.394521608444690697e-02
1.779999999999999716e+01 -2.431560005784572098e+00 1.000000000000000000e+01 -8.524000000000004462e+00 -6.394521608444690697e-02
1.800000000000000000e+01 -2.604000005784573801e+00 1.000000000000000000e+01 -8.720000000000009521e+00 -6.561041941842692127e-02
1.800000000000000000e+01 -2.604000005784573801e+00 1.000000000000000000e+01 -8.720000000000009521e+00 -6.561041941842692127e-02
1.800000000000000000e+01 -2.604000005784573801e+00 1.000000000000000000e+01 -8.720000000000009521e+00 -6.561041941842692127e-02
1.819999999999999929e+01 -2.780360005784569211e+00 1.000000000000000000e+01 -8.916000000000003922e+00 -6.650300849062996955e-02
1.819999999999999929e+01 -2.780360005784569211e+00 1.000000000000000000e+01 -8.916000000000003922e+00 -6.650300849062996955e-02
1.819999999999999929e+01 -2.780360005784569211e+00 1.000000000000000000e+01 -8.916000000000003922e+00 -6.650300849062996955e-02
1.839999999999999858e+01 -2.960640005784572537e+00 1.000000000000000000e+01 -9.112000000000005429e+00 -6.620864041054931592e-02
1.839999999999999858e+01 -2.960640005784572537e+00 1.000000000000000000e+01 -9.112000000000005429e+00 -6.620864041054931592e-02
1.839999999999999858e+01 -2.960640005784572537e+00 1.000000000000000000e+01 -9.112000000000005429e+00 -6.620864041054931592e-02
1.859999999999999787e+01 -3.144840005784573123e+00 1.000000000000000000e+01 -9.308000000000006935e+00 -6.432731606826026793e-02
1.859999999999999787e+01 -3.144840005784573123e+00 1.000000000000000000e+01 -9.308000000000006935e+00 -6.432731606826026793e-02
1.859999999999999787e+01 -3.144840005784573123e+00 1.000000000000000000e+01 -9.308000000000006935e+00 -6.432731606826026793e-02
1.879999999999999716e+01 -3.332960005784570967e+00 1.000000000000000000e+01 -9.504000000000004889e+00 -6.055392653010090165e-02
1.879999999999999716e+01 -3.332960005784570967e+00 1.000000000000000000e+01 -9.504000000000004889e+00 -6.055392653010090165e-02
1.879999999999999716e+01 -3.332960005784570967e+00 1.000000000000000000e+01 -9.504000000000004889e+00 -6.055392653010090165e-02
1.899999999999999645e+01 -3.525000005784576729e+00 1.000000000000000000e+01 -9.700000000000006395e+00 -5.476286565784742322e-02
1.899999999999999645e+01 -3.525000005784576729e+00 1.000000000000000000e+01 -9.700000000000006395e+00 -5.476286565784742322e-02
1.899999999999999645e+01 -3.525000005784576729e+00 1.000000000000000000e+01 -9.700000000000006395e+00 -5.476286565784742322e-02
1.919999999999999929e+01 -3.720960005784572644e+00 1.000000000000000000e+01 -9.896000000000004349e+00 -4.706773305327539847e-02
1.919999999999999929e+01 -3.720960005784572644e+00 1.000000000000000000e+01 -9.896000000000004349e+00 -4.706773305327539847e-02
1.919999999999999929e+01 -3.720960005784572644e+00 1.000000000000000000e+01 -9.896000000000004349e+00 -4.706773305327539847e-02
1.939999999999999858e+01 -3.920840005784572924e+00 1.000000000000000000e+01 -1.009200000000000585e+01 -3.782968919624531134e-02
1.939999999999999858e+01 -3.920840005784572924e+00 1.000000000000000000e+01 -1.009200000000000585e+01 -3.782968919624531134e-02
1.939999999999999858e+01 -3.920840005784572924e+00 1.000000000000000000e+01 -1.009200000000000585e+01 -3.782968919624531134e-02
1.959999999999999787e+01 -4.124640005784574015e+00 1.000000000000000000e+01 -1.028800000000000558e+01 -2.760470899613792772e-02
1.959999999999999787e+01 -4.124640005784574015e+00 1.000000000000000000e+01 -1.028800000000000558e+01 -2.760470899613792772e-02
1.959999999999999787e+01 -4.124640005784574015e+00 1.000000000000000000e+01 -1.028800000000000558e+01 -2.760470899613792772e-02
1.979999999999999716e+01 -4.332360005784572365e+00 1.000000000000000000e+01 -1.048400000000000531e+01 -1.704376525343162530e-02
1.979999999999999716e+01 -4.332360005784572365e+00 1.000000000000000000e+01 -1.048400000000000531e+01 -1.704376525343162530e-02
1.979999999999999716e+01 -4.332360005784572365e+00 1.000000000000000000e+01 -1.048400000000000531e+01 -1.704376525343162530e-02
2.000000000000000000e+01 -4.544000005784571528e+00 1.000000000000000000e+01 -1.068000000000000504e+01 -6.778547141572638379e-03
2.000000000000000000e+01 -4.544000005784571528e+00 1.000000000000000000e+01 -1.068000000000000504e+01 -6.778547141572638379e-03
2.000000000000000000e+01 -4.544000005784571528e+00 1.000000000000000000e+01 -1.068000000000000504e+01 -6.778547141572638379e-03
2.019999999999999574e+01 -4.759560005784575054e+00 1.000000000000000000e+01 -1.087600000000000477e+01 2.671572018888040967e-03
2.019999999999999574e+01 -4.759560005784575054e+00 1.000000000000000000e+01 -1.087600000000000477e+01 2.671572018888040967e-03
2.019999999999999574e+01 -4.759560005784575054e+00 1.000000000000000000e+01 -1.087600000000000477e+01 2.671572018888040967e-03
2.039999999999999858e+01 -4.979040005784572287e+00 1.000000000000000000e+01 -1.107200000000000628e+01 1.094879678346000196e-02
2.039999999999999858e+01 -4.979040005784572287e+00 1.000000000000000000e+01 -1.107200000000000628e+01 1.094879678346000196e-02
2.039999999999999858e+01 -4.979040005784572287e+00 1.000000000000000000e+01 -1.107200000000000628e+01 1.094879678346000196e-02
2.059999999999999787e+01 -5.202440005784577437e+00 1.000000000000000000e+01 -1.126800000000000601e+01 1.786012849900986410e-02
2.059999999999999787e+01 -5.202440005784577437e+00 1.000000000000000000e+01 -1.126800000000000601e+01 1.786012849900986410e-02
2.059999999999999787e+01 -5.202440005784577437e+00 1.000000000000000000e+01 -1.126800000000000601e+01 1.786012849900986410e-02
2.079999999999999716e+01 -5.429760005784569188e+00 1.000000000000000000e+01 -1.146400000000000219e+01 2.334783057926843874e-02
2.079999999999999716e+01 -5.429760005784569188e+00 1.000000000000000000e+01 -1.146400000000000219e+01 2.334783057926843874e-02
2.079999999999999716e+01 -5.429760005784569188e+00 1.000000000000000000e+01 -1.146400000000000219e+01 2.334783057926843874e-02
2.100000000000000000e+01 -5.661000005784575961e+00 1.000000000000000000e+01 -1.166000000000000902e+01 2.744552232932474800e-02
2.100000000000000000e+01 -5.661000005784575961e+00 1.000000000000000000e+01 -1.166000000000000902e+01 2.744552232932474800e-02
2.100000000000000000e+01 -5.661000005784575961e+00 1.000000000000000000e+01 -1.166000000000000902e+01 2.744552232932474800e-02
2.119999999999999574e+01 -5.896160005784569336e+00 1.000000000000000000e+01 -1.185600000000000342e+01 3.023479308362899548e-02
2.119999999999999574e+01 -5.896160005784569336e+00 1.000000000000000000e+01 -1.185600000000000342e+01 3.023479308362899548e-02
2.119999999999999574e+01 -5.896160005784569336e+00 1.000000000000000000e+01 -1.185600000000000342e+01 3.023479308362899548e-02
2.139999999999999858e+01 -6.135240005784577733e+00 1.000000000000000000e+01 -1.205200000000000848e+01 3.181045540141297367e-02
2.139999999999999858e+01 -6.135240005784577733e+00 1.000000000000000000e+01 -1.205200000000000848e+01 3.181045540141297367e-02
2.139999999999999858e+01 -6.135240005784577733e+00 1.000000000000000000e+01 -1.205200000000000848e+01 3.181045540141297367e-02
2.159999999999999432e+01 -6.378240005784572730e+00 1.000000000000000000e+01 -1.224800000000000288e+01 3.225670151759033738e-02
2.159999999999999432e+01 -6.378240005784572730e+00 1.000000000000000000e+01 -1.224800000000000288e+01 3.225670151759033738e-02
2.159999999999999432e+01 -6.378240005784572730e+00 1.000000000000000000e+01 -1.224800000000000288e+01 3.225670151759033738e-02
2.180000000000000071e+01 -6.625160005784579198e+00 1.000000000000000000e+01 -1.244400000000000794e+01 3.163307398133102105e-02
2.180000000000000071e+01 -6.625160005784579198e+00 1.000000000000000000e+01 -1.244400000000000794e+01 3.163307398133102105e-02
2.180000000000000071e+01 -6.625160005784579198e+00 1.000000000000000000e+01 -1.244400000000000794e+01 3.163307398133102105e-02
2.199999999999999289e+01 -6.876000005784572267e+00 1.000000000000000000e+01 -1.264000000000000234e+01 2.996804284157182641e-02
2.199999999999999289e+01 -6.876000005784572267e+00 1.000000000000000000e+01 -1.264000000000000234e+01 2.996804284157182641e-02
2.199999999999999289e+01 -6.876000005784572267e+00 1.000000000000000000e+01 -1.264000000000000234e+01 2.996804284157182641e-02
2.220000000000000284e+01 -7.130760005784576805e+00 1.000000000000000000e+01 -1.283600000000000918e+01 2.725820350579673257e-02
2.220000000000000284e+01 -7.130760005784576805e+00 1.000000000000000000e+01 -1.283600000000000918e+01 2.725820350579673257e-02
2.220000000000000284e+01 -7.130760005784576805e+00 1.000000000000000000e+01 -1.283600000000000918e+01 2.725820350579673257e-02
2.239999999999999503e+01 -7.389440005784567944e+00 1.000000000000000000e+01 -1.303200000000000358e+01 2.347187054286048458e-02
2.239999999999999503e+01 -7.389440005784567944e+00 1.000000000000000000e+01 -1.303200000000000358e+01 2.347187054286048458e-02
2.239999999999999503e+01 -7.389440005784567944e+00 1.000000000000000000e+01 -1.303200000000000358e+01 2.347187054286048458e-02
2.260000000000000142e+01 -7.652040005784577659e+00 1.000000000000000000e+01 -1.322800000000000864e+01 1.855662082742745578e-02
2.260000000000000142e+01 -7.652040005784577659e+00 1.000000000000000000e+01 -1.322800000000000864e+01 1.855662082742745578e-02
2.260000000000000142e+01 -7.652040005784577659e+00 1.000000000000000000e+01 -1.322800000000000864e+01 1.855662082742745578e-02
2.279999999999999716e+01 -7.918560005784570421e+00 1.000000000000000000e+01 -1.342400000000000304e+01 1.245081270937738183e-02
2.279999999999999716e+01 -7.918560005784570421e+00 1.000000000000000000e+01 -1.342400000000000304e+01 1.245081270937738183e-02
2.279999999999999716e+01 -7.918560005784570421e+00 1.000000000000000000e+01 -1.342400000000000304e+01 1.245081270937738183e-02
2.300000000000000000e+01 -8.189000005784578207e+00 1.000000000000000000e+01 -1.362000000000000810e+01 5.099038777305942016e-03
2.300000000000000000e+01 -8.189000005784578207e+00 1.000000000000000000e+01 -1.362000000000000810e+01 5.099038777305942016e-03
2.300000000000000000e+01 -8.189000005784578207e+00 1.000000000000000000e+01 -1.362000000000000810e+01 5.099038777305942016e-03
2.319999999999999574e+01 -8.463360005784576146e+00 1.000000000000000000e+01 -1.381600000000000605e+01 -3.529328138856993591e-03
2.319999999999999574e+01 -8.463360005784576146e+00 1.000000000000000000e+01 -1.381600000000000605e+01 -3.529328138856993591e-03
2.319999999999999574e+01 -8.463360005784576146e+00 1.000000000000000000e+01 -1.381600000000000605e+01 -3.529328138856993591e-03
2.339999999999999858e+01 -8.741640005784574896e+00 1.000000000000000000e+01 -1.401200000000000578e+01 -1.342089189478973266e-02
2.339999999999999858e+01 -8.741640005784574896e+00 1.000000000000000000e+01 -1.401200000000000578e+01 -1.342089189478973266e-02
2.339999999999999858e+01 -8.741640005784574896e+00 1.000000000000000000e+01 -1.401200000000000578e+01 -1.342089189478973266e-02
2.359999999999999432e+01 -9.023840005784574458e+00 1.000000000000000000e+01 -1.420800000000000374e+01 -2.450264372188232231e-02
2.359999999999999432e+01 -9.023840005784574458e+00 1.000000000000000000e+01 -1.420800000000000374e+01 -2.450264372188232231e-02
2.379999999999999716e+01 -9.309960005784574832e+00 1.000000000000000000e+01 -1.440400000000000524e+01 -3.663578386153318323e-02
